Track URI,Track Name,Album Name,Artist Name(s),Release Date,Duration (ms),Popularity,Explicit,Added By,Added At,Genres,Record Label,Danceability,Energy,Key,Loudness,Mode,Speechiness,Acousticness,Instrumentalness,Liveness,Valence,Tempo,Time Signature
spotify:track:58Q3FZFs1YXPpliWQB5kXB,"Right Now","Supernatural","NewJeans",2024-06-21,160413,73,false,giovani.lightz,2025-09-12T15:08:25Z,"k-pop","ADOR",0.67,0.802,3,-6.555,0,0.0468,0.123,0.00478,0.121,0.551,171.977,4
spotify:track:5ocSQW5sIUIOFojwXEz9Ki,"Supernatural","Supernatural","NewJeans",2024-06-21,191000,80,false,giovani.lightz,2025-08-20T22:25:31Z,"k-pop","ADOR",0.699,0.708,10,-4.182,0,0.0496,0.185,0.00000843,0.0921,0.863,108.887,4
spotify:track:0a4MMyCrzT0En247IhqZbD,"Hype Boy","NewJeans 1st EP 'New Jeans'","NewJeans",2022-08-01,179026,80,false,giovani.lightz,2025-08-20T22:24:17Z,"k-pop","ADOR",0.593,0.935,4,-3.43,0,0.225,0.268,0,0.286,0.783,99.976,4
spotify:track:2pIUpMhHL6L9Z5lnKxJJr9,"Attention","NewJeans 1st EP 'New Jeans'","NewJeans",2022-08-01,180066,80,false,giovani.lightz,2025-08-20T22:24:13Z,"k-pop","ADOR",0.811,0.648,10,-3.684,0,0.0368,0.236,0,0.0761,0.695,104.988,4
spotify:track:2DwUdMJ5uxv20EhAildreg,"Cookie","NewJeans 1st EP 'New Jeans'","NewJeans",2022-08-01,235562,77,false,giovani.lightz,2025-11-05T23:17:23Z,"k-pop","ADOR",0.847,0.638,0,-3.764,1,0.0575,0.0596,0,0.0894,0.661,156.935,4
spotify:track:62J3LcwTASdo624WsF3L6k,"GODS","GODS","League of Legends;NewJeans",2023-10-04,220878,74,false,giovani.lightz,2026-06-27T22:00:02Z,"k-pop","Riot Games",0.588,0.765,3,-5.914,0,0.0518,0.00685,0.0000323,0.2,0.492,145.988,4
spotify:track:65FftemJ1DbbZ45DUfHJXE,"OMG","NewJeans 'OMG'","NewJeans",2023-01-02,212253,81,false,giovani.lightz,2025-08-20T22:24:21Z,"k-pop","ADOR",0.804,0.771,9,-4.067,0,0.0433,0.357,0.00000307,0.108,0.739,126.956,4
spotify:track:0UrKZhfmr8R4dIsmiFEzg4,"Pop Pop","Pop Pop","xooos",2026-02-27,177258,24,false,giovani.lightz,2026-03-25T20:59:36Z,"","EMA Recordings",0.756,0.728,9,-5.85,1,0.0475,0.0269,0.00065,0.0858,0.746,121.986,4
spotify:track:4JfKujzhQU03gk0HCyt4vu,"Fabricated Love","Made In Heart","xooos",2023-05-30,179253,0,false,giovani.lightz,2025-09-25T01:55:39Z,"","ADA Korea",0.655,0.614,1,-6.001,1,0.0688,0.514,0,0.1,0.677,77.044,4
spotify:track:5eTCRIuEIoQaPK9jJFoc2n,"There There","Made In Heart","xooos",2023-05-30,155066,19,false,giovani.lightz,2025-09-26T00:58:31Z,"","WAVY",0.459,0.378,3,-8.199,1,0.0521,0.822,0,0.196,0.425,151.076,3
spotify:track:6TBJkXHPhu3EsMk1bshwuI,"ONLY","4 ONLY","LEEHI",2021-09-09,240906,79,false,giovani.lightz,2025-09-17T22:12:44Z,"k-ballad,k-pop","Genie Music Corporation, Stone Music Entertainment",0.536,0.296,5,-7.451,1,0.0346,0.892,0,0.0873,0.151,122.907,3
spotify:track:39382sUtIOwIXftX0i76do,"H.S.K.T. (feat. Wonstein)","4 ONLY","LEEHI;Wonstein",2021-09-09,204453,70,false,giovani.lightz,2025-09-14T04:29:02Z,"k-ballad,k-pop,k-rap","Genie Music Corporation, Stone Music Entertainment",0.756,0.672,9,-5.711,0,0.0373,0.252,0.000341,0.117,0.327,113.975,4
spotify:track:06c1p8O0RF26U0jSGJ7Rbc,"GRWM (Get Ready With Me)","MAMIHLAPINATAPAI","ILLIT",2026-04-30,168682,70,false,giovani.lightz,2026-06-27T22:05:16Z,"k-pop","BELIFT LAB",0.538,0.783,6,-6.149,0,0.106,0.0939,0.0000591,0.0733,0.459,84.375,4
spotify:track:16VomaSiUmaRdubMxh4FyY,"paw, paw!","MAMIHLAPINATAPAI","ILLIT",2026-04-30,149852,71,false,giovani.lightz,2026-06-27T22:05:14Z,"k-pop","BELIFT LAB",0.819,0.657,1,-6.866,1,0.0379,0.317,0.00879,0.14,0.56,139.988,4
spotify:track:3nGm6agHE598KavgIyATy7,"Love, older you","MAMIHLAPINATAPAI","ILLIT",2026-04-30,158204,71,false,giovani.lightz,2026-05-07T23:41:12Z,"k-pop","BELIFT LAB",0.607,0.402,1,-10.354,1,0.0301,0.317,0.000767,0.263,0.208,128.039,4
spotify:track:21LtZQQMQYwVIxc9O9Ygq8,"Cherish (My Love)","Cherish (My Love) (Remixes)","ILLIT",2024-10-28,176854,79,false,giovani.lightz,2025-11-15T04:00:14Z,"k-pop","BELIFT LAB",0.714,0.821,4,-3.835,1,0.065,0.236,0,0.164,0.303,142.97,4
spotify:track:6QqrxJe1iQxwLY6he6FLFo,"Midnight Fiction","SUPER REAL ME","ILLIT",2024-03-25,168104,74,false,giovani.lightz,2025-09-12T15:26:03Z,"k-pop","BELIFT LAB",0.687,0.837,4,-5.722,1,0.0344,0.241,0,0.231,0.824,129.942,4
spotify:track:1aKvZDoLGkNMxoRYgkckZG,"Magnetic","SUPER REAL ME","ILLIT",2024-03-25,160688,86,false,giovani.lightz,2025-08-20T22:29:25Z,"k-pop","BELIFT LAB",0.797,0.668,6,-5.819,1,0.0687,0.257,0,0.0876,0.69,131.067,4
spotify:track:2kIUILBPlz4exX9xIFS275,"Lucky Girl Syndrome","SUPER REAL ME","ILLIT",2024-03-25,140021,79,false,giovani.lightz,2025-08-21T15:36:07Z,"k-pop","BELIFT LAB",0.757,0.915,0,-4.382,1,0.0678,0.019,0,0.201,0.439,119.986,4
spotify:track:0wFU2pYHZi45Ws1VD6aSJX,"jellyous","bomb","ILLIT",2025-06-16,163243,74,false,giovani.lightz,2025-09-15T01:09:25Z,"k-pop","BELIFT LAB",0.633,0.861,8,-3.939,1,0.169,0.0472,0,0.0676,0.44,162.065,4
spotify:track:4p0uVFAXKUISu8yp9gNtWE,"Billyeoon Goyangi (Do the Dance)","bomb","ILLIT",2025-06-16,188641,83,false,giovani.lightz,2025-09-15T01:15:36Z,"k-pop","BELIFT LAB",0.645,0.74,1,-4.278,0,0.244,0.0235,0,0.247,0.767,129.954,4
spotify:track:54mnwt3kO0uYsy0ceg14JP,"What is Love?","What is Love?","TWICE",2018-04-09,208226,70,false,giovani.lightz,2025-09-15T01:14:04Z,"k-pop","Republic Records - TWICE",0.572,0.91,8,-1.578,1,0.064,0.0846,0,0.267,0.602,169.975,4
spotify:track:4OtVQ2ZxS7yigIjGz5yKg1,"SET ME FREE","READY TO BE","TWICE",2023-03-10,181680,65,false,giovani.lightz,2025-10-17T18:35:10Z,"k-pop","Republic Records - TWICE",0.756,0.831,5,-2.536,0,0.141,0.0966,0,0.0499,0.703,113.025,4
spotify:track:5NcLyVjUgG0yfwHgr5t81w,"MOONLIGHT SUNRISE","MOONLIGHT SUNRISE","TWICE",2023-01-20,180320,62,false,giovani.lightz,2026-01-27T19:08:20Z,"k-pop","Republic Records - TWICE",0.749,0.781,1,-3.265,1,0.0578,0.392,0.00000212,0.086,0.606,125.09,4
spotify:track:0mgveJEIGjcN51w4JIQtI6,"I GOT YOU","With YOU-th","TWICE",2024-02-23,173240,53,false,giovani.lightz,2025-10-17T18:35:08Z,"k-pop","Republic Records - TWICE",0.52,0.805,8,-3.706,1,0.0551,0.0451,0,0.0935,0.496,176.103,4
spotify:track:7cIn67LEvk16v6komC8znS,"ONE SPARK","With YOU-th","TWICE",2024-02-23,183559,65,false,giovani.lightz,2026-03-26T17:14:00Z,"k-pop","Republic Records - TWICE",0.592,0.766,4,-4.928,0,0.0727,0.0151,0,0.753,0.413,169.005,4
spotify:track:3Hz3tTQwOdM6XkA0ALB2G9,"Feel Special","Feel Special","TWICE",2019-09-23,206866,72,false,giovani.lightz,2026-03-06T01:28:55Z,"k-pop","Republic Records - TWICE",0.708,0.959,1,-1.338,1,0.0604,0.0296,0.00188,0.107,0.644,128.981,4
spotify:track:3TzMWtr6hB1PlPiT1b4PRR,"21:29","Feel Special","TWICE",2019-09-23,228906,48,false,giovani.lightz,2026-05-07T23:55:28Z,"k-pop","Republic Records - TWICE",0.531,0.727,11,-5.006,1,0.0427,0.126,0,0.429,0.616,179.986,3
spotify:track:0RDqNCRBGrSegk16Avfzuq,"Talk that Talk","BETWEEN 1&2","TWICE",2022-08-26,177466,69,false,giovani.lightz,2025-10-30T16:58:16Z,"k-pop","Republic Records - TWICE",0.772,0.907,3,-2.438,0,0.124,0.136,0,0.334,0.783,119.973,4
spotify:track:22fSzde77hjB052Vo155LF,"Strategy (from the Netflix film KPop Demon Hunters)","STRATEGY","TWICE",2024-12-06,166773,76,false,giovani.lightz,2025-08-20T22:28:24Z,"k-pop","Republic Records - TWICE",0.783,0.698,2,-2.934,1,0.0567,0.212,0,0.362,0.609,109.972,4
spotify:track:2qQpFbqqkLOGySgNK8wBXt,"FANCY","FANCY YOU","TWICE",2019-04-22,213880,75,false,giovani.lightz,2025-10-17T18:35:07Z,"k-pop","Republic Records - TWICE",0.697,0.874,5,-2.15,0,0.0449,0.0122,0,0.627,0.775,132.018,4
spotify:track:1utDFK1ARQcuZSwapf3cfb,"The Feels","The Feels","TWICE",2021-10-01,198053,67,false,giovani.lightz,2025-10-17T18:35:11Z,"k-pop","Republic Records - TWICE",0.808,0.903,9,-2.179,1,0.0729,0.0899,0,0.0816,0.922,120.044,4
spotify:track:2VdU1ksBKcETBr8BYRHUvB,"ICON","Formula of Love: O+T=<3","TWICE",2021-11-12,176160,55,false,giovani.lightz,2026-05-07T23:41:45Z,"k-pop","Republic Records - TWICE",0.746,0.809,6,-3.571,0,0.0484,0.0338,0,0.0756,0.816,149.984,4
spotify:track:3598iBWrS4JhJqP5tHlpVK,"THIS IS FOR","THIS IS FOR","TWICE",2025-07-11,131097,78,false,giovani.lightz,2025-10-29T05:42:36Z,"k-pop","Republic Records - TWICE",0.796,0.742,6,-5.113,0,0.058,0.149,0,0.609,0.919,127.962,4
spotify:track:6B2WCk6chRbS7QHIeUYD1H,"MARS","THIS IS FOR","TWICE",2025-07-11,141053,64,false,giovani.lightz,2025-11-14T06:11:34Z,"k-pop","Republic Records - TWICE",0.558,0.825,5,-4.111,1,0.0351,0.00907,0.0000504,0.109,0.848,165.005,4
spotify:track:5ohIR8wkCc9QL65Ie5Z6lP,"TALK (NAYEON, JIHYO)","THIS IS FOR","TWICE",2025-07-11,168040,58,false,giovani.lightz,2026-01-20T15:44:41Z,"k-pop","Republic Records - TWICE",0.777,0.601,1,-5.233,1,0.088,0.252,0,0.115,0.696,100.033,4
spotify:track:7G2QDv7SqclV5jGEqEVDGR,"HEARTBREAK AVENUE","THIS IS FOR","TWICE",2025-07-11,196226,59,false,giovani.lightz,2026-05-07T23:49:00Z,"k-pop","Republic Records - TWICE",0.704,0.685,7,-5.239,1,0.0464,0.112,0.0000161,0.162,0.645,139.977,4
spotify:track:0hGWmmZuKyd8sO7RCvF6rH,"ME+YOU","TEN: The Story Goes On","TWICE",2025-10-10,175000,62,false,giovani.lightz,2026-03-25T21:07:49Z,"k-pop","Republic Records - TWICE",0.748,0.83,7,-3.794,1,0.0813,0.0736,0,0.158,0.706,97.042,4
spotify:track:7lB4rxNVc7vm33ZSZXVRAQ,"CHEER UP","PAGE TWO","TWICE",2016-04-25,208853,73,false,giovani.lightz,2026-04-20T02:27:58Z,"k-pop","Republic Records - TWICE",0.551,0.885,6,-1.489,1,0.124,0.139,0,0.114,0.509,172.95,4
spotify:track:26OVhEqFDQH0Ij77QtmGP9,"YES or YES","YES or YES","TWICE",2018-11-05,237680,70,false,giovani.lightz,2026-05-07T23:45:57Z,"k-pop","Republic Records - TWICE",0.702,0.913,11,-2.977,1,0.0374,0.0514,0.00000372,0.166,0.735,137.981,4
spotify:track:2xtP8RNbo2BEMzLX7tK7aq,"CRY FOR ME","CRY FOR ME","TWICE",2020-12-18,204167,69,false,giovani.lightz,2026-01-27T18:16:04Z,"k-pop","Republic Records - TWICE",0.702,0.692,10,-5.405,1,0.0539,0.0542,0,0.0877,0.419,144.896,4
spotify:track:37ZtpRBkHcaq6hHy0X98zn,"I CAN'T STOP ME","Eyes Wide Open","TWICE",2020-10-26,205493,74,false,giovani.lightz,2025-10-29T18:33:44Z,"k-pop","Republic Records - TWICE",0.657,0.88,10,-3.672,0,0.102,0.121,0,0.463,0.769,150.084,4
spotify:track:77KugRyFiqskIEg4UsAFxy,"Sad Girls Schemin'","<LOVE&POP> pt.1","tripleS",2026-06-01,162000,53,false,giovani.lightz,2026-06-27T22:08:35Z,"k-pop","MODHAUS",0.666,0.966,10,-3.164,0,0.19,0.149,0.00000121,0.0865,0.83,150.01,4
spotify:track:1ET5lou3teBMA3a5cYeYzN,"Baby Flower","<LOVE&POP> pt.1","tripleS",2026-06-01,188000,60,false,giovani.lightz,2026-06-27T22:08:37Z,"k-pop","MODHAUS",0.487,0.931,0,-2.592,0,0.0874,0.0264,0,0.103,0.578,99.956,4
spotify:track:020HZI2Vh45WeKMSHDyqzJ,"I Like That","<LOVE&POP> pt.1","tripleS",2026-06-01,136000,45,false,giovani.lightz,2026-06-27T22:08:33Z,"k-pop","MODHAUS",0.796,0.793,1,-5.107,1,0.052,0.122,0,0.333,0.903,94.955,4
spotify:track:45OflED18VsURGw2z0Y6Cv,"Girls Never Die","<ASSEMBLE24>","tripleS",2024-05-08,187920,64,false,giovani.lightz,2025-10-17T18:35:04Z,"k-pop","MODHAUS",0.667,0.912,11,-2.704,0,0.104,0.154,0,0.351,0.675,95.031,4
spotify:track:6bW8W6BdvCTmi1PRq0s25r,"Chiyu","<ASSEMBLE24>","tripleS",2024-05-08,170186,47,false,giovani.lightz,2026-03-25T21:00:27Z,"k-pop","MODHAUS",0.631,0.826,7,-1.935,0,0.0399,0.201,0,0.0873,0.456,89.965,4
spotify:track:0hRr7x68aApt0TX1AIAA9W,"깨어 (Are You Alive)","<ASSEMBLE25>","tripleS",2025-05-12,186720,64,false,giovani.lightz,2025-10-29T05:42:26Z,"k-pop","MODHAUS",0.47,0.694,11,-2.734,0,0.0567,0.053,0.00000118,0.0831,0.645,201.683,4
spotify:track:0CWQYYZlYVVpuU81wNlDNQ,"Diablo","<ASSEMBLE25>","tripleS",2025-05-12,200240,48,false,giovani.lightz,2025-12-08T21:07:19Z,"k-pop","MODHAUS",0.573,0.751,5,-4.5,0,0.0522,0.654,0,0.0831,0.483,84.975,4
spotify:track:53k2MlAwVH8RpHxkkjBg4B,"Rising","ASSEMBLE","tripleS",2023-02-13,159933,56,false,giovani.lightz,2025-10-29T05:42:27Z,"k-pop","MODHAUS",0.699,0.775,11,-5.786,0,0.0495,0.0393,0,0.0533,0.87,100.023,4
spotify:track:3KuCXHNvtheCDzwZpaRR9I,"Generation","Acid Angel from Asia <ACCESS>","tripleS",2022-10-28,164186,57,false,giovani.lightz,2025-12-08T21:11:54Z,"k-pop","MODHAUS",0.644,0.938,4,-2.206,0,0.0496,0.0459,0,0.777,0.919,119.977,4
spotify:track:0u44OLsmgPHU56Dq9tsEOD,"Speed Love","LOVElution <ↀ>","tripleS",2023-08-17,148266,42,false,giovani.lightz,2026-05-07T23:42:48Z,"k-pop","MODHAUS",0.724,0.851,7,-2.102,0,0.0497,0.304,0.00000139,0.0737,0.719,86.949,4
spotify:track:3GiYjd5959ktHZGSxOqmKe,"Fly Up","msnz <Beyond Beauty>","tripleS",2025-11-24,160000,47,false,giovani.lightz,2026-05-07T23:42:53Z,"k-pop","MODHAUS",0.715,0.88,6,-3.436,0,0.107,0.111,0,0.2,0.684,112.004,4
spotify:track:68B6aP2i1p8GyhVZ1qSebZ,"JIGSAW","LUCID DREAM","IVE",2026-05-27,160000,52,false,giovani.lightz,2026-05-30T03:50:37Z,"k-pop","Sony Music Labels Inc.",0.876,0.708,1,-5.962,1,0.0675,0.22,0,0.123,0.44,136.962,4
spotify:track:0MQ1stYIK7yPFWsLO5LJx2,"LUCID DREAM","LUCID DREAM","IVE",2026-05-27,207200,48,false,giovani.lightz,2026-05-30T03:50:38Z,"k-pop","Sony Music Labels Inc.",0.777,0.833,1,-4.896,1,0.0636,0.0315,0,0.0949,0.388,110.951,4
spotify:track:1Q4gZINs0T0cZQTh90Ae8c,"Fashion","LUCID DREAM","IVE",2026-05-27,128133,42,false,giovani.lightz,2026-05-30T03:50:39Z,"k-pop","Sony Music Labels Inc.",0.802,0.629,1,-6.465,1,0.334,0.0995,0.00000218,0.198,0.573,109.936,4
spotify:track:0ITUAjt6O8FIzGPHNQpvKu,"BLACKHOLE","REVIVE+","IVE",2026-02-23,194171,68,false,giovani.lightz,2026-03-06T01:41:16Z,"k-pop","Starship Entertainment",0.66,0.911,5,-3.97,1,0.0935,0.109,0,0.179,0.345,125.873,4
spotify:track:5VtwUrgljtOyBa773AGSr4,"BANG BANG","REVIVE+","IVE",2026-02-23,178046,72,false,giovani.lightz,2026-03-06T01:41:18Z,"k-pop","Starship Entertainment",0.629,0.903,0,-3.112,1,0.095,0.0103,0.000304,0.334,0.411,152.155,4
spotify:track:0mHw54pVj1X5N7JxsPypFP,"Hush","REVIVE+","IVE",2026-02-23,167000,55,false,giovani.lightz,2026-03-06T01:42:01Z,"k-pop","Starship Entertainment",0.809,0.796,4,-4.76,0,0.0522,0.123,0.0000113,0.31,0.392,119.003,4
spotify:track:1eKulh2Qn10MZWnKPdkYbm,"Fireworks","REVIVE+","IVE",2026-02-23,180000,56,false,giovani.lightz,2026-03-06T01:42:55Z,"k-pop","Starship Entertainment",0.619,0.804,7,-4.612,1,0.0545,0.0639,0,0.12,0.475,131.941,4
spotify:track:1PBvL2B7bQTVX1PZsHCC5H,"HOT COFFEE","REVIVE+","IVE",2026-02-23,168000,54,false,giovani.lightz,2026-03-06T01:43:42Z,"k-pop","Starship Entertainment",0.57,0.726,3,-4.89,1,0.105,0.0483,0,0.136,0.503,193.041,4
spotify:track:62XO0fvwNWnInO9xqxuGCJ,"8 (JANGWONYOUNG Solo)","REVIVE+","IVE",2026-02-23,171000,59,false,giovani.lightz,2026-03-06T01:44:29Z,"k-pop","Starship Entertainment",0.663,0.894,1,-4.155,0,0.159,0.0139,0,0.311,0.576,148.161,4
spotify:track:4Sqi0WMJ6RrHx13WI2iV12,"Odd (GAEUL Solo)","REVIVE+","IVE",2026-02-23,170000,62,false,giovani.lightz,2026-03-06T01:45:00Z,"k-pop","Starship Entertainment",0.726,0.881,0,-3.458,0,0.0544,0.414,0,0.247,0.88,124.046,4
spotify:track:6ufr0FZFYyzbll3rIZlMEi,"Super ICY (LEESEO Solo)","REVIVE+","IVE",2026-02-23,170000,55,false,giovani.lightz,2026-03-06T01:46:57Z,"k-pop","Starship Entertainment",0.814,0.832,11,-3.534,0,0.0944,0.088,0,0.334,0.956,138.038,4
spotify:track:5B9x9u2LVH4EuhYMjlotnU,"Unreal (LIZ Solo)","REVIVE+","IVE",2026-02-23,162000,58,false,giovani.lightz,2026-03-06T01:47:49Z,"k-pop","Starship Entertainment",0.785,0.84,0,-3.419,1,0.0427,0.0154,0,0.137,0.847,138.02,4
spotify:track:5vM0ZUaQnkqurL7xP88kyC,"In Your Heart (REI Solo)","REVIVE+","IVE",2026-02-23,123000,58,false,giovani.lightz,2026-03-06T01:48:27Z,"k-pop","Starship Entertainment",0.57,0.838,5,-5.044,0,0.0451,0.276,0.0271,0.161,0.82,169.986,4
spotify:track:10AmXt6EfyzuSC4CCsji9O,"Force (ANYUJIN Solo)","REVIVE+","IVE",2026-02-23,204000,57,false,giovani.lightz,2026-03-06T01:48:30Z,"k-pop","Starship Entertainment",0.676,0.679,11,-3.974,0,0.0543,0.0032,0.0000384,0.0751,0.362,159.956,4
spotify:track:3L9KMc8ImDXgDYKwdqq01V,"XOXZ","IVE SECRET","IVE",2025-08-25,154000,68,false,giovani.lightz,2025-11-10T20:01:08Z,"k-pop","Starship Entertainment",0.784,0.787,8,-5.23,1,0.0461,0.0323,0.00034,0.109,0.486,98.028,4
spotify:track:2Y7IdLEr2vSFN3Fc1BBjwQ,"GOTCHA (Baddest Eros)","IVE SECRET","IVE",2025-08-25,151000,54,false,giovani.lightz,2026-02-11T11:11:57Z,"k-pop","Starship Entertainment",0.596,0.794,1,-4.548,0,0.233,0.0186,0,0.114,0.663,177.929,4
spotify:track:4AFKzeKojgWujD7gEUmWCd,"삐빅 (♥beats)","IVE SECRET","IVE",2025-08-25,150800,54,false,giovani.lightz,2026-01-12T00:41:20Z,"k-pop","Starship Entertainment",0.887,0.65,0,-4.417,0,0.188,0.202,0,0.151,0.658,135.011,4
spotify:track:0OnWu3G0i9Kg4Mqha5QvvH,"Be Alright","Be Alright","IVE",2025-07-16,171026,54,false,giovani.lightz,2026-02-11T11:13:46Z,"k-pop","Sony Music Labels Inc.",0.768,0.77,5,-3.487,0,0.121,0.215,0,0.06,0.748,120.997,4
spotify:track:7c81kigUIwDoQqz5EXmsZy,"DARE ME","DARE ME","IVE",2025-04-21,163293,51,false,giovani.lightz,2026-03-06T01:31:09Z,"k-pop","Sony Music Labels Inc.",0.702,0.825,4,-4.461,1,0.0384,0.363,0,0.353,0.763,104.053,4
spotify:track:4qzV2qURSJBVV9d7BkMx4g,"REBEL HEART","IVE EMPATHY","IVE",2025-02-03,188266,51,false,giovani.lightz,2026-02-11T11:17:17Z,"k-pop","Starship Entertainment",0.677,0.777,7,-4.811,1,0.07,0.0178,0,0.0744,0.531,128.014,4
spotify:track:52fjXTCvI3aLFojY8GTO2u,"FLU","IVE EMPATHY","IVE",2025-02-03,189146,55,false,giovani.lightz,2026-02-11T11:12:28Z,"k-pop","Starship Entertainment",0.764,0.825,11,-4.479,0,0.0581,0.157,0,0.109,0.899,126.972,4
spotify:track:5byscDL6SmZhKr8MbcoJcb,"Thank U","IVE EMPATHY","IVE",2025-02-03,191360,49,false,giovani.lightz,2026-02-11T11:12:25Z,"k-pop","Starship Entertainment",0.519,0.513,10,-5.152,1,0.0802,0.488,0,0.173,0.343,179.582,3
spotify:track:49oOgXKqm6xTavBtekzVHg,"ATTITUDE","IVE EMPATHY","IVE",2025-02-03,194733,69,false,giovani.lightz,2025-11-17T06:28:35Z,"k-pop","Starship Entertainment",0.81,0.842,1,-4.717,1,0.0851,0.0841,0,0.0532,0.533,117.986,4
spotify:track:7tNJeoUZeWrVOCfvpAHWT1,"TKO","IVE EMPATHY","IVE",2025-02-03,186120,56,false,giovani.lightz,2026-02-11T11:12:19Z,"k-pop","Starship Entertainment",0.838,0.702,11,-4.895,0,0.0695,0.0957,0,0.565,0.542,105.034,4
spotify:track:5sTLGx6c7YRwnrWm6O091n,"Supernova Love","Supernova Love","IVE;David Guetta",2024-11-08,199504,68,false,giovani.lightz,2025-10-29T05:42:25Z,"k-pop,edm","Intercord",0.655,0.886,10,-5.227,0,0.0502,0.066,0,0.277,0.778,120.032,4
spotify:track:4QYmuMAQ1iBzspZKCaMZuB,"SUMMER FESTA","SUMMER FESTA","IVE",2024-06-28,219333,52,false,giovani.lightz,2026-02-11T11:12:44Z,"k-pop","STARSHIP ENTERTAINMENT",0.769,0.78,7,-4.667,1,0.131,0.135,0,0.099,0.846,115.015,4
spotify:track:4gOwpU4kMZZNDWkoHYUj1Z,"해야 (HEYA)","IVE SWITCH","IVE",2024-04-29,189680,65,false,giovani.lightz,2025-11-14T06:11:45Z,"k-pop","Starship Entertainment",0.702,0.837,5,-3.447,0,0.0567,0.0297,0,0.227,0.685,91.986,4
spotify:track:1BAtAtx0VgWgAMROWK9WYf,"Accendio","IVE SWITCH","IVE",2024-04-29,192013,62,false,giovani.lightz,2025-12-10T13:52:53Z,"k-pop","Starship Entertainment",0.759,0.875,0,-3.942,0,0.0646,0.0493,0,0.0997,0.662,140.011,4
spotify:track:00wTgWOnpWPlTvFsAkZBme,"Blue Heart","IVE SWITCH","IVE",2024-04-29,187853,51,false,giovani.lightz,2026-01-12T00:39:52Z,"k-pop","Starship Entertainment",0.668,0.899,2,-4.306,1,0.0402,0.0352,0.00000398,0.155,0.587,154.954,4
spotify:track:5h0QtLzRxaGI9ujUMugAhr,"Ice Queen","IVE SWITCH","IVE",2024-04-29,183226,54,false,giovani.lightz,2026-02-11T11:12:52Z,"k-pop","Starship Entertainment",0.82,0.65,1,-5.688,0,0.0867,0.371,0,0.0939,0.446,98.027,4
spotify:track:19rjGep5T6DeFqfzn0bPgM,"WOW","IVE SWITCH","IVE",2024-04-29,178573,52,false,giovani.lightz,2026-03-06T00:20:20Z,"k-pop","Starship Entertainment",0.715,0.873,6,-4.086,0,0.0919,0.291,0,0.15,0.873,79.035,4
spotify:track:6TNx6kHZeVDByUNMVxkAfa,"Off The Record","I'VE MINE","IVE",2023-10-13,188733,55,false,giovani.lightz,2026-02-11T11:16:04Z,"k-pop","Starship Entertainment",0.767,0.745,10,-5.338,1,0.0449,0.101,0,0.192,0.842,107.984,4
spotify:track:7uyeEbG6hyApgXuEypGcsZ,"Baddie","I'VE MINE","IVE",2023-10-13,154360,66,false,giovani.lightz,2025-12-01T18:15:14Z,"k-pop","Starship Entertainment",0.736,0.678,5,-4.503,1,0.0464,0.0459,0.00000546,0.104,0.757,160.045,4
spotify:track:5c1EubDxHdulbausF5CpX5,"Either Way","I'VE MINE","IVE",2023-10-13,166946,51,false,giovani.lightz,2026-01-12T00:05:36Z,"k-pop","Starship Entertainment",0.701,0.588,8,-4.059,0,0.0475,0.461,0,0.24,0.394,123.078,4
spotify:track:5q288Nbf39kqh2HtI2H2op,"Holy Moly","I'VE MINE","IVE",2023-10-13,176760,56,false,giovani.lightz,2026-02-11T11:13:00Z,"k-pop","Starship Entertainment",0.416,0.79,2,-3.819,1,0.239,0.0299,0.00000141,0.11,0.707,170.579,5
spotify:track:0ANTnEM0En14CMHPxs0MZj,"OTT","I'VE MINE","IVE",2023-10-13,157186,54,false,giovani.lightz,2026-03-06T01:55:05Z,"k-pop","Starship Entertainment",0.854,0.822,11,-4.703,1,0.0449,0.216,0,0.105,0.827,124.037,4
spotify:track:1RYK0mKtwjWaNLe7Mi6jYN,"Payback","I'VE MINE","IVE",2023-10-13,188213,50,false,giovani.lightz,2026-02-11T11:12:56Z,"k-pop","Starship Entertainment",0.541,0.924,11,-3.661,1,0.182,0.107,0,0.124,0.755,179.859,3
spotify:track:1Xnha5ko8j7yY8O3ATe0Vs,"I WANT","I WANT","IVE",2023-07-13,180626,57,false,giovani.lightz,2026-06-27T22:06:05Z,"k-pop","STARSHIP ENTERTAINMENT",0.793,0.768,1,-1.909,1,0.0499,0.0328,0,0.121,0.802,129.944,4
spotify:track:6jSnUhuqsXWsmlTxvRDzl3,"Classic","WAVE","IVE",2023-05-31,212426,44,false,giovani.lightz,2026-02-11T11:13:23Z,"k-pop","Sony Music Labels Inc.",0.792,0.603,0,-6.207,1,0.0662,0.217,0.0000186,0.216,0.421,115.027,4
spotify:track:70t7Q6AYG6ZgTYmJWcnkUM,"I AM","I've IVE","IVE",2023-04-10,183853,76,false,giovani.lightz,2025-08-21T15:35:41Z,"k-pop","Starship Entertainment",0.683,0.875,4,-4.866,0,0.0549,0.0115,0,0.084,0.384,122.002,4
spotify:track:0dRSOmb7pqkkmjXCu5BYbe,"Lips","I've IVE","IVE",2023-04-10,181400,57,false,giovani.lightz,2026-02-11T11:13:28Z,"k-pop","Starship Entertainment",0.785,0.779,7,-3.822,1,0.0324,0.0555,0,0.155,0.881,135.964,4
spotify:track:1tzeAVyGwvoHcVzDit0UeT,"섬찟 (Hypnosis)","I've IVE","IVE",2023-04-10,146893,55,false,giovani.lightz,2026-02-11T11:13:30Z,"k-pop","Starship Entertainment",0.649,0.718,8,-5.391,1,0.127,0.237,0,0.0592,0.46,164.918,4
spotify:track:3L7pilDxJhZz1fP6t4D9P9,"Shine With Me","I've IVE","IVE",2023-04-10,224746,53,false,giovani.lightz,2026-02-11T11:13:33Z,"k-pop","Starship Entertainment",0.485,0.556,7,-5.33,1,0.0308,0.0122,0,0.368,0.138,139.857,4
spotify:track:2gYj9lubBorOPIVWsTXugG,"After LIKE","After LIKE","IVE",2022-08-22,176973,75,false,giovani.lightz,2025-08-25T06:35:34Z,"k-pop","Starship Entertainment",0.68,0.922,0,-1.215,1,0.121,0.103,0,0.0877,0.799,125.014,4
spotify:track:3Owz3vrIE44Hvt0sLsfwHI,"My Satisfaction","After LIKE","IVE",2022-08-22,193000,56,false,giovani.lightz,2026-01-12T00:44:11Z,"k-pop","Starship Entertainment",0.5,0.923,11,-2.592,0,0.392,0.141,0,0.0938,0.362,136.995,4
spotify:track:0Q5VnK2DYzRyfqQRJuUtvi,"LOVE DIVE","LOVE DIVE","IVE",2022-04-05,177186,74,false,giovani.lightz,2025-09-12T15:14:57Z,"k-pop","STARSHIP Entertainment",0.703,0.709,1,-4.169,0,0.0433,0.00379,0.0000543,0.333,0.538,117.941,4
spotify:track:0LMdtBOxbVgrYoA4n0Vwvv,"ROYAL","LOVE DIVE","IVE",2022-04-05,206226,57,false,giovani.lightz,2026-01-12T00:40:16Z,"k-pop","STARSHIP Entertainment",0.796,0.85,1,-2.987,1,0.102,0.0905,0.00000339,0.205,0.47,109.922,4
spotify:track:7n2FZQsaLb7ZRfRPfEeIvr,"ELEVEN","ELEVEN","IVE",2021-12-01,178453,72,false,giovani.lightz,2025-12-08T21:23:07Z,"k-pop","STARSHIP Entertainment",0.828,0.731,9,-3.033,1,0.111,0.0617,0,0.048,0.587,119.978,4
spotify:track:70EfheCNy3zOrcT2meMQ1g,"Take It","ELEVEN","IVE",2021-12-01,204973,51,false,giovani.lightz,2026-01-12T00:41:17Z,"k-pop","STARSHIP Entertainment",0.802,0.934,9,-3.216,0,0.0604,0.0609,0,0.0158,0.941,150.036,4
spotify:track:27UQUnxpR2e8zrrMUVcbc9,"iffy iffy","'PUREFLOW', Pt. 1","LE SSERAFIM",2026-05-22,129200,71,false,giovani.lightz,2026-05-30T04:12:54Z,"k-pop","SOURCE MUSIC",0.774,0.801,1,-4.902,0,0.0414,0.0567,0.0000729,0.067,0.59,125.945,4
spotify:track:5JDDrQN4rzCOo6UniZEwq0,"Need Your Company","'PUREFLOW', Pt. 1","LE SSERAFIM",2026-05-22,118400,66,false,giovani.lightz,2026-05-30T04:12:58Z,"k-pop","SOURCE MUSIC",0.35,0.571,5,-5.117,1,0.0427,0.61,0,0.321,0.337,70.719,4
spotify:track:3GY9Xp0U5rb7qYQVRSQqwh,"Trust Exercise","'PUREFLOW', Pt. 1","LE SSERAFIM",2026-05-22,143000,66,false,giovani.lightz,2026-05-30T04:12:46Z,"k-pop","SOURCE MUSIC",0.744,0.828,5,-5.869,1,0.0613,0.312,0,0.116,0.743,125.067,4
spotify:track:6dPtt7EhUj8YQQ0IFVCQRm,"Sonder","'PUREFLOW', Pt. 1","LE SSERAFIM",2026-05-22,166000,66,false,giovani.lightz,2026-05-30T04:12:50Z,"k-pop","SOURCE MUSIC",0.651,0.501,7,-7.61,0,0.155,0.345,0,0.14,0.191,146.077,4
spotify:track:406IpEtZPvbxApWTGM3twY,"HOT","HOT","LE SSERAFIM",2025-03-14,143797,70,false,giovani.lightz,2025-10-22T03:16:34Z,"k-pop","SOURCE MUSIC",0.763,0.63,0,-3.406,1,0.0558,0.0883,0,0.42,0.968,127.957,4
spotify:track:6efcMTYO2lJ0zcpQEPk8m1,"Come Over","HOT","LE SSERAFIM",2025-03-14,137178,65,false,giovani.lightz,2025-12-20T19:27:53Z,"k-pop","SOURCE MUSIC",0.666,0.929,4,-2.79,0,0.0557,0.139,0.00324,0.0395,0.912,155.938,4
spotify:track:5o4U0weUIAXolji4sEAnjI,"Ash","HOT","LE SSERAFIM",2025-03-14,197853,66,false,giovani.lightz,2025-12-20T19:28:06Z,"k-pop","SOURCE MUSIC",0.695,0.87,0,-5.21,0,0.0389,0.323,0.00136,0.114,0.33,111.986,4
spotify:track:1Hw8WhXlRjfUFDMykf92gA,"So Cynical (Badum)","HOT","LE SSERAFIM",2025-03-14,155488,63,false,giovani.lightz,2025-12-20T19:28:10Z,"k-pop","SOURCE MUSIC",0.908,0.797,5,-6.445,0,0.311,0.056,0.00000385,0.0732,0.479,127.039,4
spotify:track:0c6PVOqHNDuhH6uNfA13IX,"DIFFERENT","DIFFERENT","LE SSERAFIM",2025-06-08,141756,67,false,giovani.lightz,2025-11-17T06:01:11Z,"k-pop","Universal Music LLC",0.758,0.768,10,-5.305,0,0.0508,0.0452,0,0.0668,0.869,110.937,4
spotify:track:7F0MuIk5glqtowCUjbn9es,"Impurities","ANTIFRAGILE","LE SSERAFIM",2022-10-17,196365,63,false,giovani.lightz,2025-11-19T15:31:25Z,"k-pop","SOURCE MUSIC",0.715,0.757,9,-4.746,0,0.0373,0.231,0,0.0656,0.464,90.065,4
spotify:track:37YoRLUu1qId0ewavgvnkG,"Blue Flame","FEARLESS","LE SSERAFIM",2022-05-02,201894,69,false,giovani.lightz,2025-11-17T06:04:07Z,"k-pop","SOURCE MUSIC",0.781,0.725,4,-3.571,0,0.0452,0.0281,0,0.0761,0.765,112.045,4
spotify:track:5XO1SOADQxkdqGLFxX8rLN,"The Great Mermaid","FEARLESS","LE SSERAFIM",2022-05-02,177795,57,true,giovani.lightz,2026-05-30T03:50:45Z,"k-pop","SOURCE MUSIC",0.625,0.824,0,-4.619,0,0.0614,0.000884,0,0.0908,0.438,94.963,4
spotify:track:6wBpO4Xc4YgShnENGSFA1M,"Sour Grapes","FEARLESS","LE SSERAFIM",2022-05-02,196540,70,false,giovani.lightz,2026-01-12T00:19:11Z,"k-pop","SOURCE MUSIC",0.779,0.801,6,-5.564,0,0.0457,0.395,0,0.108,0.72,139.998,4
spotify:track:2O4Bb2WCkjlTPO827OnBMI,"EASY","EASY","LE SSERAFIM",2024-02-19,164545,72,false,giovani.lightz,2025-12-21T07:58:32Z,"k-pop","SOURCE MUSIC",0.744,0.7,0,-5.154,1,0.0507,0.189,0.00000274,0.114,0.602,165.004,4
spotify:track:2GquhrcHbl2zOnF5javAFp,"Swan Song","EASY","LE SSERAFIM",2024-02-19,157179,64,false,giovani.lightz,2025-12-21T07:56:41Z,"k-pop","SOURCE MUSIC",0.709,0.628,3,-4.629,0,0.0263,0.325,0,0.246,0.59,90.038,4
spotify:track:5fCKBIJ7BwaCpxxwZCbS5X,"We got so much","EASY","LE SSERAFIM",2024-02-19,165748,58,false,giovani.lightz,2026-05-30T03:50:47Z,"k-pop","SOURCE MUSIC",0.686,0.658,7,-3.506,1,0.0863,0.0944,0,0.207,0.353,101,4
spotify:track:3AoEQRuFf8zVXWqSLo2UOi,"CRAZY","CRAZY","LE SSERAFIM",2024-08-30,164554,73,false,giovani.lightz,2025-10-29T05:49:45Z,"k-pop","SOURCE MUSIC",0.802,0.899,11,-2.223,0,0.126,0.00953,0.000291,0.101,0.531,130.047,4
spotify:track:411fZBnpfU4eIDIZmDKswx,"Pierrot","CRAZY","LE SSERAFIM",2024-08-30,170315,65,false,giovani.lightz,2026-06-27T22:09:59Z,"k-pop","SOURCE MUSIC",0.8,0.885,8,-3.178,1,0.117,0.342,0.00677,0.0725,0.853,153.99,4
spotify:track:7vjfnsnDXZGK4PSq54ISjc,"1-800-hot-n-fun","CRAZY","LE SSERAFIM",2024-08-30,173431,72,false,giovani.lightz,2025-11-14T06:20:06Z,"k-pop","SOURCE MUSIC",0.752,0.892,2,-3.1,1,0.108,0.0786,0,0.158,0.88,135.953,4
spotify:track:3druZC9WrM7UUv82PX0SfA,"Crazier","CRAZY","LE SSERAFIM",2024-08-30,178736,58,false,giovani.lightz,2026-05-30T03:50:46Z,"k-pop","SOURCE MUSIC",0.481,0.59,5,-5.68,1,0.079,0.717,0,0.0968,0.0912,176.791,3
spotify:track:74X2u8JMVooG2QbjRxXwR8,"Perfect Night","Perfect Night","LE SSERAFIM",2023-10-27,159080,79,false,giovani.lightz,2026-05-30T03:50:43Z,"k-pop","SOURCE MUSIC",0.697,0.82,5,-4.502,1,0.0308,0.1,0,0.0631,0.502,136.054,4
spotify:track:07Kq5cRJkYNieu1rge3PZX,"UNFORGIVEN - Japanese ver.","UNFORGIVEN (Japanese ver.)","LE SSERAFIM;ナイル・ロジャース;Ado",2023-08-08,182933,56,false,giovani.lightz,2026-01-20T15:36:44Z,"k-pop,j-pop,anime,vocaloid,rock japonês","Universal Music LLC",0.797,0.873,4,-4.286,0,0.0591,0.121,0.0000363,0.121,0.435,104.002,4
spotify:track:4QhnNyKDsAkXPwHkSnuc89,"Eve, Psyche & The Bluebeard’s wife","UNFORGIVEN","LE SSERAFIM",2023-05-01,185538,74,false,giovani.lightz,2025-10-29T05:51:10Z,"k-pop","SOURCE MUSIC",0.663,0.872,11,-5.056,1,0.2,0.0153,0,0.0519,0.626,142.951,4
spotify:track:0bMoNdAnxNR0OuQbGDovrr,"ANTIFRAGILE","UNFORGIVEN","LE SSERAFIM",2023-05-01,184444,79,false,giovani.lightz,2025-10-22T03:16:24Z,"k-pop","SOURCE MUSIC",0.879,0.784,10,-3.944,0,0.081,0.0759,0,0.125,0.83,105.019,4
spotify:track:05RlBHEZg1RmL9DnPgv9Qq,"Fire in the belly","UNFORGIVEN","LE SSERAFIM",2023-05-01,198232,62,false,giovani.lightz,2026-05-30T04:04:45Z,"k-pop","SOURCE MUSIC",0.716,0.779,9,-3.735,0,0.0589,0.0106,0,0.0266,0.442,119.932,4
spotify:track:2CfVDYfw0B4WUHaWxyjsU3,"Pearlies (My oyster is the world)","SPAGHETTI","LE SSERAFIM",2025-10-24,187800,63,true,giovani.lightz,2026-02-05T19:21:28Z,"k-pop","SOURCE MUSIC",0.715,0.788,1,-5.353,1,0.0466,0.129,0,0.0843,0.874,110.002,4
spotify:track:3lwK3WyKAI5bUuGY1OgGbZ,"Smart","Smart (Remixes)","LE SSERAFIM",2024-03-22,166384,76,false,giovani.lightz,2025-10-22T03:16:18Z,"k-pop","SOURCE MUSIC",0.799,0.675,1,-5.474,1,0.0465,0.115,0,0.0833,0.594,113.076,4
spotify:track:0f0SbtoKGe41cX5LzlnX6X,"Tinnitus (Wanna be a rock)","The Name Chapter: TEMPTATION","TOMORROW X TOGETHER",2023-01-27,157261,67,false,giovani.lightz,2026-01-27T18:17:18Z,"k-pop","Republic Records - TXT",0.9,0.725,5,-6.213,0,0.135,0.179,0.00101,0.0791,0.791,100.015,4
spotify:track:2AofGuSfbbgjIvoSdUkfJd,"Bed of Thorns","7TH YEAR: A Moment of Stillness in the Thorns","TOMORROW X TOGETHER",2026-04-13,168346,64,false,giovani.lightz,2026-04-20T02:28:04Z,"k-pop","Republic Records - TXT",0.562,0.763,1,-7.194,1,0.0899,0.00279,0.00000214,0.235,0.432,175.959,4
spotify:track:5JXpZcc3CeQaC6vAF1iaV5,"Fairy of Shampoo","The Dream Chapter: ETERNITY","TOMORROW X TOGETHER",2020-05-18,267099,60,false,giovani.lightz,2026-03-25T21:00:58Z,"k-pop","Republic Records - TXT",0.544,0.796,1,-5.754,1,0.0604,0.313,0.00673,0.42,0.473,105.145,4
spotify:track:6AOrC7t2WS5ykYcnoHpiS2,"Lonely Boy (The tattoo on my ring finger)","minisode 2: Thursday's Child","TOMORROW X TOGETHER",2022-05-09,168751,59,false,giovani.lightz,2026-01-20T16:04:03Z,"k-pop","Republic Records - TXT",0.666,0.639,2,-5.245,0,0.131,0.24,0,0.0928,0.505,144.881,4
spotify:track:3BQeCOUf7M9B7NEpx9r4qj,"Over The Moon","The Star Chapter: SANCTUARY","TOMORROW X TOGETHER",2024-11-04,157149,61,false,giovani.lightz,2025-12-27T10:31:04Z,"k-pop","Republic Records - TXT",0.682,0.873,5,-3.672,0,0.123,0.0919,0,0.106,0.531,115.993,4
spotify:track:3aAnwyBJY9OLNLqSgd4fZU,"Deja Vu","minisode 3: TOMORROW","TOMORROW X TOGETHER",2024-04-01,171427,74,false,giovani.lightz,2025-12-27T10:31:32Z,"k-pop","Republic Records - TXT",0.357,0.572,5,-5.339,0,0.069,0.0811,0,0.145,0.238,162.844,4
spotify:track:0bMWoFtQIrnW5YyNMc4aKQ,"I’ll See You There Tomorrow","minisode 3: TOMORROW","TOMORROW X TOGETHER",2024-04-01,196694,69,false,giovani.lightz,2026-03-25T20:59:17Z,"k-pop","Republic Records - TXT",0.748,0.827,4,-5.242,1,0.0512,0.146,0,0.265,0.645,121.031,4
spotify:track:0ZPjVmof45INEERgYfadtv,"Chasing That Feeling","The Name Chapter: FREEFALL","TOMORROW X TOGETHER",2023-10-13,182670,65,false,giovani.lightz,2025-12-27T10:31:20Z,"k-pop","Republic Records - TXT",0.69,0.842,10,-4.288,0,0.0739,0.0153,0,0.0639,0.626,141.994,4
spotify:track:6IYvOX6K6tbBmj00JRU5Rw,"Beautiful Strangers","The Star Chapter: TOGETHER","TOMORROW X TOGETHER",2025-07-21,138108,68,false,giovani.lightz,2025-12-27T10:32:01Z,"k-pop","Republic Records - TXT",0.595,0.581,2,-4.522,1,0.0395,0.0475,0,0.0666,0.0686,86.996,4
spotify:track:7srZ5Feiz5S4R4O9jL1Dx4,"ICONIK","NEVER SAY NEVER","ZEROBASEONE",2025-09-01,193000,58,false,giovani.lightz,2026-01-20T03:26:04Z,"k-pop","CJ ENM",0.78,0.868,5,-3.524,1,0.0605,0.107,0,0.0585,0.538,119.967,4
spotify:track:3WUyu94psXrYV6HZbXgcFA,"Rover","Rover - The 3rd Mini Album","KAI",2023-03-13,174506,68,false,giovani.lightz,2026-03-25T20:58:20Z,"k-pop","SM Entertainment",0.629,0.806,1,-2.034,0,0.201,0.0212,0.000487,0.0955,0.545,186.022,4
spotify:track:4vLqN0bIxIQjlet2mIMBnx,"Ring Ding Dong","2009, Year Of Us - The Third Mini Album","SHINee",2009-10-19,233280,66,false,giovani.lightz,2026-05-07T23:53:08Z,"k-pop","SM Entertainment",0.835,0.934,1,-1.258,1,0.0431,0.125,0.000501,0.222,0.811,124.98,4
spotify:track:2sVtrcj32v3fR8mLjqWziv,"Sherlock (Clue + Note)","Sherlock - The 4th Mini Album","SHINee",2012-03-21,239186,62,false,giovani.lightz,2026-06-27T21:59:02Z,"k-pop","SM Entertainment",0.64,0.937,1,-2.112,1,0.0839,0.0069,0,0.393,0.316,107.013,4
spotify:track:1bjz9qoRONw86dmlcPZD9f,"Atmos","Atmos - The 6th Mini Album","SHINee",2026-06-01,193000,63,false,giovani.lightz,2026-06-27T22:08:23Z,"k-pop","SM ENTERTAINMENT",0.569,0.892,2,-3.878,1,0.105,0.00249,0,0.158,0.641,127.999,4
spotify:track:4G15XXuKWo14vyW4F4Q1yQ,"HOURS","Atmos - The 6th Mini Album","SHINee",2026-06-01,170000,51,false,giovani.lightz,2026-06-27T21:56:14Z,"k-pop","SM ENTERTAINMENT",0.624,0.889,7,-3.685,1,0.219,0.0665,0,0.0958,0.6,114.937,4
spotify:track:2pCqCQCwII69KrmqPl7GhX,"Anti Believer","Atmos - The 6th Mini Album","SHINee",2026-06-01,186000,57,false,giovani.lightz,2026-06-27T21:56:16Z,"k-pop","SM ENTERTAINMENT",0.656,0.719,7,-6.069,0,0.278,0.0141,0,0.0698,0.412,124.979,4
spotify:track:4eVxNprXvx03mrvuPipUcU,"Possibility","Atmos - The 6th Mini Album","SHINee",2026-06-01,185000,52,false,giovani.lightz,2026-06-27T21:56:20Z,"k-pop","SM ENTERTAINMENT",0.621,0.891,4,-3.038,0,0.0361,0.0373,0,0.153,0.826,132,4
spotify:track:3aQJOsTd3Q4GTc9mRF4TV9,"Still Raining","Atmos - The 6th Mini Album","SHINee",2026-06-01,195000,51,false,giovani.lightz,2026-06-27T21:56:22Z,"k-pop","SM ENTERTAINMENT",0.555,0.682,0,-5.169,1,0.0618,0.195,0,0.501,0.329,91.896,4
spotify:track:4UDq1PEV2MWAHVk33hWuCX,"Thousand Miles Away","Atmos - The 6th Mini Album","SHINee",2026-06-01,262000,52,false,giovani.lightz,2026-06-27T21:56:25Z,"k-pop","SM ENTERTAINMENT",0.522,0.616,2,-5.52,1,0.0314,0.16,0,0.0702,0.283,143.928,4
spotify:track:4o9rKegcsPEFeLt2TZNNpj,"PERMISSION","PERMISSION","TAEMIN",2026-05-22,178400,59,false,giovani.lightz,2026-05-30T04:11:29Z,"k-pop","The Yoo Group",0.735,0.922,7,-3.611,0,0.0413,0.00147,0.116,0.0706,0.504,119.998,4
spotify:track:1cgBWgoL6520lR2QZDzdGN,"MOVE","MOVE - The 2nd Album","TAEMIN",2017-10-16,211949,64,false,giovani.lightz,2026-01-13T17:21:18Z,"k-pop","SM Entertainment",0.697,0.713,8,-5.273,0,0.115,0.0153,0,0.0857,0.667,99.964,4
spotify:track:2f6uFYEhlcmm2Nu9F3JqzW,"Rise","MOVE - The 2nd Album","TAEMIN",2017-10-16,211582,45,false,giovani.lightz,2026-06-27T22:03:19Z,"k-pop","SM Entertainment",0.408,0.579,5,-4.909,1,0.0348,0.308,0,0.104,0.373,81.363,4
spotify:track:4jMwQaDiDICry8Ia1gFnAn,"Guilty","Guilty - The 4th Mini Album","TAEMIN",2023-10-30,190173,66,false,giovani.lightz,2026-04-20T02:28:01Z,"k-pop","SM Entertainment",0.572,0.777,6,-4.27,0,0.0421,0.289,0.00000442,0.141,0.665,81.983,3
spotify:track:2hjaiDsLLBlY68XrgjZk7F,"Heaven","Never Gonna Dance Again : Act 2 - The 3rd Album","TAEMIN",2020-11-09,182080,65,false,giovani.lightz,2026-03-06T01:53:34Z,"k-pop","SM Entertainment",0.59,0.824,1,-3.787,0,0.0705,0.0467,0,0.468,0.527,83.056,4
spotify:track:2KXEE2MsPZLmT38XiyAOpH,"Criminal","Never Gonna Dance Again : Act 1 - The 3rd Album","TAEMIN",2020-09-07,211400,60,false,giovani.lightz,2026-04-20T02:28:02Z,"k-pop","SM Entertainment",0.65,0.867,2,-3.332,1,0.0686,0.0287,0.000166,0.0488,0.161,115.918,4
spotify:track:0aLG42zaidNkblhiQgJknP,"WANT","WANT - The 2nd Mini Album","TAEMIN",2019-02-11,208967,58,false,giovani.lightz,2026-06-27T21:56:55Z,"k-pop","SM Entertainment",0.64,0.757,7,-5.532,1,0.0689,0.0261,0,0.127,0.413,104.943,4
spotify:track:59hBR0BCtJsfIbV9VzCVAp,"Set Me Free Pt.2","Set Me Free Pt.2","Jimin",2023-03-17,200929,74,true,giovani.lightz,2026-06-27T22:06:37Z,"k-pop","BIGHIT MUSIC",0.585,0.815,0,-4.165,0,0.0565,0.115,0,0.124,0.564,132.09,4
spotify:track:7tI8dRuH2Yc6RuoTjxo4dU,"Who","MUSE","Jimin",2024-07-19,170887,86,false,giovani.lightz,2025-12-21T09:06:44Z,"k-pop","BIGHIT MUSIC",0.66,0.756,0,-3.743,0,0.032,0.00289,0,0.193,0.838,116.034,4
spotify:track:5Fhr3wqeieN5WDkAsqL1JJ,"MONA LISA","MONA LISA","j-hope",2025-03-21,137191,78,false,giovani.lightz,2026-01-12T00:46:23Z,"k-pop,k-rap","BIGHIT MUSIC",0.799,0.805,1,-5.009,1,0.0372,0.0278,0.00000903,0.0535,0.96,137.952,4
spotify:track:2KslE17cAJNHTsI2MI0jb2,"Standing Next to You","GOLDEN","Jung Kook",2023-11-03,206019,84,false,giovani.lightz,2025-12-21T08:43:04Z,"k-pop","BIGHIT MUSIC",0.711,0.809,2,-4.389,0,0.0955,0.0447,0,0.339,0.816,106.017,4
spotify:track:6uvw8GFIqdqaJ4Nr3kN8Rs,"Come Over","Come Over","BTS",2026-06-12,178603,91,false,giovani.lightz,2026-06-27T22:03:27Z,"k-pop","BIGHIT MUSIC",0.592,0.711,11,-3.817,0,0.132,0.186,0,0.31,0.368,94.834,4
spotify:track:2rKkfc4VZ74FQDc1FF1Zo6,"Body to Body","ARIRANG","BTS",2026-03-20,189725,90,false,giovani.lightz,2026-06-27T22:09:24Z,"k-pop","BIGHIT MUSIC",0.674,0.788,6,-3.367,0,0.0442,0.113,0.00000216,0.168,0.495,120.016,4
spotify:track:20dAJsyno9ZoBLJtqgQnUI,"Hooligan","ARIRANG","BTS",2026-03-20,182046,90,false,giovani.lightz,2026-04-20T02:11:39Z,"k-pop","BIGHIT MUSIC",0.666,0.494,1,-5.265,0,0.101,0.144,0,0.13,0.442,135.147,4
spotify:track:3bmpXHVie1GTy37OkXJ7Vc,"2.0","ARIRANG","BTS",2026-03-20,169929,90,false,giovani.lightz,2026-05-07T23:53:32Z,"k-pop","BIGHIT MUSIC",0.929,0.542,0,-4.395,1,0.0522,0.018,0.00000692,0.175,0.27,130.026,4
spotify:track:68lbSrXDORS51pmyjZv712,"SWIM","ARIRANG","BTS",2026-03-20,159007,95,false,giovani.lightz,2026-04-20T02:28:38Z,"k-pop","BIGHIT MUSIC",0.531,0.706,6,-5.487,0,0.0638,0.153,0,0.117,0.157,93.811,4
spotify:track:3VegC0PZiHjGxb80DER8XU,"Merry Go Round","ARIRANG","BTS",2026-03-20,229855,87,false,giovani.lightz,2026-06-27T22:00:49Z,"k-pop","BIGHIT MUSIC",0.601,0.634,8,-6.461,1,0.0431,0.34,0.0000268,0.106,0.258,84.015,4
spotify:track:4B4Q7zfd0aHcuhQBfCRnH5,"NORMAL","ARIRANG","BTS",2026-03-20,181649,91,true,giovani.lightz,2026-06-27T21:53:00Z,"k-pop","BIGHIT MUSIC",0.464,0.774,1,-4.225,0,0.081,0.206,0,0.193,0.651,73.071,4
spotify:track:2IFND3phjzIG1RcPnHh2hP,"Like Animals","ARIRANG","BTS",2026-03-20,189746,89,false,giovani.lightz,2026-06-27T22:00:57Z,"k-pop","BIGHIT MUSIC",0.454,0.851,3,-3.429,1,0.0459,0.0596,0,0.11,0.328,78.944,4
spotify:track:0b61A7v9agI08BG21jJPQ9,"they don’t know ’bout us","ARIRANG","BTS",2026-03-20,164241,89,false,giovani.lightz,2026-06-27T22:00:59Z,"k-pop","BIGHIT MUSIC",0.744,0.653,9,-4.525,0,0.0727,0.28,0,0.0986,0.635,137.978,4
spotify:track:1XpVhaI4HzWrhRWIpdfyJB,"Please","ARIRANG","BTS",2026-03-20,172796,87,false,giovani.lightz,2026-06-27T22:01:10Z,"k-pop","BIGHIT MUSIC",0.644,0.644,5,-5.944,1,0.0349,0.0686,0,0.165,0.39,84.974,4
spotify:track:6wH3AP7b01vpzKYRJhreMy,"Black Swan","Black Swan","BTS",2020-01-17,198260,69,false,giovani.lightz,2026-03-25T20:58:29Z,"k-pop","BIGHIT MUSIC",0.719,0.757,2,-5.167,0,0.0849,0.137,0,0.129,0.489,147.024,4
spotify:track:6m1TWFMeon7ai9XLOzdbiR,"FAKE LOVE","Love Yourself 轉 'Tear'","BTS",2018-05-18,242333,82,false,giovani.lightz,2026-06-27T22:02:46Z,"k-pop","BIGHIT MUSIC",0.557,0.719,2,-4.515,0,0.0371,0.00267,0,0.306,0.345,77.502,4
spotify:track:0fZRNhPJ4AGmwY7rkpdbqK,"ON","MAP OF THE SOUL : 7","BTS",2020-02-21,246380,77,false,giovani.lightz,2026-03-25T20:59:09Z,"k-pop","BIGHIT MUSIC",0.583,0.817,9,-5.146,0,0.099,0.118,0,0.338,0.437,105.935,4
spotify:track:2kol6tv2jcinBERq425Ahv,"PYTHON","WINTER HEPTAGON","GOT7",2025-01-20,151773,64,false,giovani.lightz,2026-03-06T01:57:32Z,"k-pop","Kakao Entertainment",0.767,0.814,2,-3.532,0,0.043,0.0683,0.000141,0.129,0.719,150.073,4
spotify:track:0yB4jrSwN0bFtFRDR5vyMj,"Love Shot","LOVE SHOT– The 5th Album Repackage","EXO",2018-12-13,200306,75,false,giovani.lightz,2025-12-27T10:24:54Z,"k-pop","SM Entertainment",0.689,0.678,5,-4.287,0,0.119,0.0702,0,0.0889,0.335,145.883,4
spotify:track:682CQ2B8o422t2ZlxLdoMh,"Back It Up","REVERXE - The 8th Album","EXO",2026-01-19,200000,59,false,giovani.lightz,2026-01-20T03:55:13Z,"k-pop","SM Entertainment",0.68,0.833,7,-5.064,0,0.0358,0.01,0,0.236,0.56,118.974,4
spotify:track:14nP0U50fCX3F3PjSgE4lb,"Beautiful Life","Beautiful Mind","Xdinary Heroes",2025-03-24,265440,54,false,giovani.lightz,2026-06-27T21:53:34Z,"rock coreano,k-pop,noise music","Republic Records - Xdinary Heroes",0.403,0.792,2,-11.37,1,0.0474,0.00133,0,0.332,0.213,94.174,4
spotify:track:4dUpvz6olaLXl3YIV3U6Kn,"Voyager","DEAD AND","Xdinary Heroes",2026-04-17,234520,60,false,giovani.lightz,2026-06-27T21:59:53Z,"rock coreano,k-pop,noise music","Republic Records - Xdinary Heroes",0.514,0.909,6,-3.945,1,0.0814,0.000109,0,0.248,0.427,129.957,4
spotify:track:3EPqLcliwi9bd5h77Hkuh8,"FiRE (My Sweet Misery)","LXVE to DEATH","Xdinary Heroes",2025-10-24,195413,55,false,giovani.lightz,2026-06-27T21:59:07Z,"rock coreano,k-pop,noise music","Republic Records - Xdinary Heroes",0.426,0.913,11,-6.511,1,0.0743,0.000488,0.00000177,0.304,0.407,169.928,4
spotify:track:5nLs60CiNmzVDD671PPUmy,"MAMACITA","GOLDEN HOUR : Part.5","ATEEZ",2026-06-26,189254,72,false,giovani.lightz,2026-06-27T21:53:39Z,"k-pop,noise music","KQ Entertainment",0.687,0.868,11,-4.267,1,0.032,0.0166,0,0.436,0.611,144.94,4
spotify:track:5DvQSPp6YZYqEr3jrzcI8R,"TOXIN","GOLDEN HOUR : Part.5","ATEEZ",2026-06-26,168254,68,false,giovani.lightz,2026-06-27T21:53:42Z,"k-pop,noise music","KQ Entertainment",0.749,0.775,0,-5.327,0,0.0878,0.264,0,0.134,0.687,97.958,4
spotify:track:4XBfXrYvLapxsqPn64GP3M,"Fallin'","GOLDEN HOUR : Part.5","ATEEZ",2026-06-26,198294,67,false,giovani.lightz,2026-06-27T21:53:43Z,"k-pop,noise music","KQ Entertainment",0.717,0.807,11,-5.651,1,0.0338,0.00642,0,0.186,0.337,127.989,4
spotify:track:7EQTqzRu7CFjDgws0r2otX,"Body","GOLDEN HOUR : Part.5","ATEEZ",2026-06-26,177254,64,false,giovani.lightz,2026-06-27T21:53:46Z,"k-pop,noise music","KQ Entertainment",0.738,0.653,6,-5.557,1,0.158,0.19,0,0.139,0.654,154.937,4
spotify:track:4ReCSl70DVUjj9pf0ICgMH,"Ghost","GOLDEN HOUR : Part.4","ATEEZ",2026-02-06,167534,63,false,giovani.lightz,2026-02-07T02:46:11Z,"k-pop,noise music","KQ Entertainment",0.747,0.687,8,-4.231,1,0.075,0.0809,0,0.077,0.769,140.001,4
spotify:track:2VKGO4DNyUK5UxCQB3b3DF,"Adrenaline","GOLDEN HOUR : Part.4","ATEEZ",2026-02-06,219920,75,false,giovani.lightz,2026-02-07T02:46:09Z,"k-pop,noise music","KQ Entertainment",0.791,0.86,11,-4.389,0,0.0771,0.0425,0,0.0905,0.396,125.903,4
spotify:track:48G4rDLisHuVgCKg872Tu5,"NASA","GOLDEN HOUR : Part.4","ATEEZ",2026-02-06,190867,71,false,giovani.lightz,2026-02-07T02:46:16Z,"k-pop,noise music","KQ Entertainment",0.723,0.847,7,-4.034,0,0.0584,0.0375,0.0000412,0.146,0.621,129.997,4
spotify:track:0HAUnsOCQNH1fqIvlf7Fpp,"On The Road","GOLDEN HOUR : Part.4","ATEEZ",2026-02-06,203201,60,false,giovani.lightz,2026-02-07T02:46:18Z,"k-pop,noise music","KQ Entertainment",0.614,0.825,8,-4.156,1,0.0557,0.213,0,0.0702,0.36,87.918,4
spotify:track:05LoOSto6lqMPQp1jDRYRi,"Choose","GOLDEN HOUR : Part.4","ATEEZ",2026-02-06,186014,58,false,giovani.lightz,2026-02-06T07:20:45Z,"k-pop,noise music","KQ Entertainment",0.671,0.81,11,-4.313,0,0.0362,0.0255,0,0.107,0.418,118.018,4
spotify:track:0k7wgQsVXg6ojBukAleznY,"Ash","Ashes to Light","ATEEZ",2025-09-16,197054,60,false,giovani.lightz,2026-02-11T11:19:19Z,"k-pop,noise music","Universal Music LLC",0.765,0.72,0,-5.707,0,0.0729,0.114,0,0.261,0.575,125.004,4
spotify:track:7IJlSdPxa2yXcOmfK28CWk,"FACE","Ashes to Light","ATEEZ",2025-09-16,166227,55,false,giovani.lightz,2026-02-11T11:19:16Z,"k-pop,noise music","Universal Music LLC",0.479,0.948,1,-4.294,1,0.0633,0.000565,0,0.113,0.803,94.866,4
spotify:track:3lnok1hUcplIhIqAHhqOis,"Lemon Drop","GOLDEN HOUR : Part.3 'In Your Fantasy Edition'","ATEEZ",2025-07-11,179395,66,false,giovani.lightz,2025-12-27T21:22:15Z,"k-pop,noise music","KQ Entertainment",0.819,0.782,0,-3.625,1,0.043,0.0415,0.0000657,0.056,0.455,103.996,4
spotify:track:3nRHncjP8cl1qUd5BTYbV4,"Masterpiece","GOLDEN HOUR : Part.3 'In Your Fantasy Edition'","ATEEZ",2025-07-11,160313,57,false,giovani.lightz,2026-02-11T11:18:18Z,"k-pop,noise music","KQ Entertainment",0.895,0.694,5,-4.867,0,0.146,0.115,0,0.135,0.96,139.962,4
spotify:track:07hKDQDtqWjVXnke603eQN,"Now this house ain't a home","GOLDEN HOUR : Part.3 'In Your Fantasy Edition'","ATEEZ",2025-07-11,225149,56,false,giovani.lightz,2026-03-25T20:57:54Z,"k-pop,noise music","KQ Entertainment",0.57,0.911,10,-3.895,1,0.0421,0.00919,0.00000452,0.326,0.843,167.02,4
spotify:track:4s9UutxJ9a5uPdCIhMtzEn,"Castle","GOLDEN HOUR : Part.3 'In Your Fantasy Edition'","ATEEZ",2025-07-11,189043,55,false,giovani.lightz,2026-03-25T20:57:58Z,"k-pop,noise music","KQ Entertainment",0.619,0.805,1,-4.862,1,0.0646,0.00549,0.0000102,0.405,0.419,174.012,4
spotify:track:3Z4BxvgOJ8KupcDIV3OV2f,"In Your Fantasy","GOLDEN HOUR : Part.3 'In Your Fantasy Edition'","ATEEZ",2025-07-11,192697,73,false,giovani.lightz,2025-12-21T08:05:14Z,"k-pop,noise music","KQ Entertainment",0.87,0.835,5,-5.448,0,0.0606,0.00188,0,0.242,0.717,115.079,4
spotify:track:4h3sIdIYmQgFSTnjNZI9wL,"Skin (SEONGHWA)","GOLDEN HOUR : Part.3 'In Your Fantasy Edition'","ATEEZ",2025-07-11,200507,60,false,giovani.lightz,2026-02-11T11:17:33Z,"k-pop,noise music","KQ Entertainment",0.735,0.746,10,-5.215,0,0.11,0.0435,0.000842,0.39,0.571,102.036,4
spotify:track:3acG1smdVAPB6TPjWkyQK5,"Slide to me (YUNHO)","GOLDEN HOUR : Part.3 'In Your Fantasy Edition'","ATEEZ",2025-07-11,167687,59,false,giovani.lightz,2026-02-11T11:17:52Z,"k-pop,noise music","KQ Entertainment",0.81,0.656,4,-5.708,0,0.0426,0.0271,0,0.0858,0.889,112.039,4
spotify:track:5TuTVHG3mA5NoPyFsRck00,"Legacy (YEOSANG)","GOLDEN HOUR : Part.3 'In Your Fantasy Edition'","ATEEZ",2025-07-11,182986,59,false,giovani.lightz,2026-02-11T11:17:55Z,"k-pop,noise music","KQ Entertainment",0.513,0.608,2,-6.783,0,0.0343,0.0136,0,0.213,0.322,165.042,4
spotify:track:6e64SuxWxHloKuU1wkFw1z,"Sagittarius (WOOYOUNG)","GOLDEN HOUR : Part.3 'In Your Fantasy Edition'","ATEEZ",2025-07-11,168455,60,false,giovani.lightz,2026-02-11T11:18:11Z,"k-pop,noise music","KQ Entertainment",0.612,0.739,0,-4.555,0,0.0347,0.0543,0,0.377,0.407,133.949,4
spotify:track:03Tzmt1mhEvadn5348cGVU,"DEEP DIVE","GOLDEN HOUR : Part.2","ATEEZ",2024-11-15,179187,56,false,giovani.lightz,2026-06-27T22:10:19Z,"k-pop,noise music","KQ Entertainment",0.785,0.755,11,-3.909,0,0.0645,0.0729,0,0.171,0.641,90.037,4
spotify:track:2QAFTMHp7NeuyM6P2SiB7U,"Ice On My Teeth","Ice On My Teeth (English Ver.)","ATEEZ",2024-12-06,183494,70,false,giovani.lightz,2025-12-21T08:26:51Z,"k-pop,noise music","KQ Entertainment",0.908,0.479,6,-6.545,0,0.058,0.00253,0.000213,0.107,0.502,100.983,4
spotify:track:11CBpqQlKDOKY2HyqNuaNT,"Man on Fire","GOLDEN HOUR : Part.2","ATEEZ",2024-11-15,195787,59,false,giovani.lightz,2026-06-27T22:10:17Z,"k-pop,noise music","KQ Entertainment",0.834,0.706,0,-5.599,0,0.0726,0.0473,0.0000877,0.0898,0.59,103.99,4
spotify:track:4sgvhAD07BiE8H0gGbmaCk,"Selfish Waltz","GOLDEN HOUR : Part.2","ATEEZ",2024-11-15,203654,60,false,giovani.lightz,2026-02-11T11:18:37Z,"k-pop,noise music","KQ Entertainment",0.669,0.823,1,-4.471,0,0.0451,0.0617,0.00000148,0.186,0.387,117.017,4
spotify:track:4cqRtjB3wOr1LCKiqsWJhY,"Enough","GOLDEN HOUR : Part.2","ATEEZ",2024-11-15,195987,58,false,giovani.lightz,2026-06-27T22:10:14Z,"k-pop,noise music","KQ Entertainment",0.561,0.814,0,-4.731,1,0.0735,0.0218,0,0.215,0.618,173.962,4
spotify:track:3VHD84tIdyxRTtRc167YSR,"WORK","GOLDEN HOUR : Part.1","ATEEZ",2024-05-31,172381,72,false,giovani.lightz,2025-12-29T12:41:53Z,"k-pop,noise music","KQ Entertainment",0.906,0.752,11,-5.296,0,0.085,0.0136,0,0.0733,0.635,100.003,4
spotify:track:6PHWnPMFCfg74rnZT6CTsv,"Empty Box","GOLDEN HOUR : Part.1","ATEEZ",2024-05-31,213881,55,false,giovani.lightz,2026-01-20T04:43:30Z,"k-pop,noise music","KQ Entertainment",0.692,0.648,0,-8.491,1,0.042,0.0982,0,0.38,0.434,151.002,4
spotify:track:2KoeSRTm9cRulYnkaEyUaP,"Crazy Form","THE WORLD EP.FIN : WILL","ATEEZ",2023-12-01,198365,68,false,giovani.lightz,2026-01-20T04:40:23Z,"k-pop,noise music","KQ Entertainment",0.83,0.791,5,-5.185,0,0.049,0.027,0,0.343,0.466,119.024,4
spotify:track:5vJr5hBQv8MqgBHOiaMvZA,"Everything (JONGHO)","THE WORLD EP.FIN : WILL","ATEEZ",2023-12-01,226891,53,false,giovani.lightz,2026-05-30T04:18:14Z,"k-pop,noise music","KQ Entertainment",0.636,0.475,3,-6.767,1,0.0401,0.56,0,0.0831,0.168,121.938,4
spotify:track:6QDcmN2Avrim8kNoCHkw9s,"This World","THE WORLD EP.2 : OUTLAW","ATEEZ",2023-06-16,212105,57,false,giovani.lightz,2026-02-11T11:18:47Z,"k-pop,noise music","KQ Entertainment",0.457,0.834,2,-5.398,1,0.11,0.00147,0,0.612,0.18,176.088,4
spotify:track:5KyOUICJIvO0z71MBdPGiX,"BOUNCY (K-HOT CHILLI PEPPERS)","THE WORLD EP.2 : OUTLAW","ATEEZ",2023-06-16,187310,74,false,giovani.lightz,2025-12-27T10:17:54Z,"k-pop,noise music","KQ Entertainment",0.532,0.896,8,-4.356,1,0.184,0.00869,0,0.106,0.479,150.06,4
spotify:track:2fZ1DdMpQZIiPMIgyt27dT,"Wake Up","THE WORLD EP.2 : OUTLAW","ATEEZ",2023-06-16,186434,62,false,giovani.lightz,2026-02-11T11:18:53Z,"k-pop,noise music","KQ Entertainment",0.558,0.931,1,-3.484,1,0.0644,0.00286,0,0.228,0.41,149.918,4
spotify:track:5cTnKClHyczcUhFT8MKBZe,"HALAZIA","SPIN OFF : FROM THE WITNESS","ATEEZ",2022-12-30,197025,67,false,giovani.lightz,2025-12-27T21:22:04Z,"k-pop,noise music","KQ Entertainment",0.482,0.884,6,-4.538,0,0.0668,0.000677,0.000575,0.0883,0.377,171.915,4
spotify:track:2Ax4rdLenBhULX7nRbhful,"Cyberpunk","THE WORLD EP.1 : MOVEMENT","ATEEZ",2022-07-29,224280,63,false,giovani.lightz,2026-03-25T21:08:29Z,"k-pop,noise music","KQ Entertainment",0.598,0.924,6,-4.877,0,0.0553,0.000265,0.0000205,0.195,0.334,110.012,4
spotify:track:0tYZo2UhV1lrUez5CA0Iyw,"Guerrilla","THE WORLD EP.1 : MOVEMENT","ATEEZ",2022-07-29,207921,67,false,giovani.lightz,2025-12-27T21:22:10Z,"k-pop,noise music","KQ Entertainment",0.555,0.89,9,-5.349,1,0.132,0.00399,0,0.0506,0.581,181.963,4
spotify:track:1s9dHDYdTjQo1Ow8MoF9nV,"The Ring","THE WORLD EP.1 : MOVEMENT","ATEEZ",2022-07-29,240147,54,false,giovani.lightz,2026-04-01T19:38:22Z,"k-pop,noise music","KQ Entertainment",0.647,0.727,4,-6.675,0,0.0464,0.0121,0,0.42,0.243,99.953,4
spotify:track:2pwEbLrm8PkgplnTRG6bSL,"WDIG (Where Do I Go)","THE WORLD EP.1 : MOVEMENT","ATEEZ",2022-07-29,193695,50,false,giovani.lightz,2026-04-01T19:38:58Z,"k-pop,noise music","KQ Entertainment",0.602,0.86,2,-5.991,1,0.051,0.0268,0,0.327,0.559,139.964,4
spotify:track:0rvQzaVeceFaksUoeyonXw,"New World","THE WORLD EP.1 : MOVEMENT","ATEEZ",2022-07-29,216785,55,false,giovani.lightz,2026-03-25T21:08:22Z,"k-pop,noise music","KQ Entertainment",0.532,0.867,0,-5.511,0,0.0598,0.0275,0,0.197,0.329,154.967,4
spotify:track:2wj2Mh7Zmp036eH1aY6nAW,"Turbulence","ZERO : FEVER EPILOGUE","ATEEZ",2021-12-10,199586,60,false,giovani.lightz,2026-01-20T03:44:25Z,"k-pop,noise music","KQ Entertainment",0.462,0.826,4,-5.584,1,0.0718,0.107,0,0.179,0.615,169.98,4
spotify:track:76mWY4B10RpcuxsA4nfqp3,"Eternal Sunshine","ZERO : FEVER Part.3","ATEEZ",2021-09-13,209618,56,false,giovani.lightz,2026-01-20T03:42:36Z,"k-pop,noise music","KQ Entertainment",0.673,0.863,7,-4.883,0,0.0363,0.0241,0,0.267,0.521,110.018,4
spotify:track:3zmrdOtnOogqLllz26WLZ3,"Deja Vu","ZERO : FEVER Part.3","ATEEZ",2021-09-13,196670,64,false,giovani.lightz,2025-12-27T21:22:07Z,"k-pop,noise music","KQ Entertainment",0.692,0.835,6,-4.978,0,0.0628,0.0517,0,0.134,0.566,80.017,4
spotify:track:0rNLaGUleZ91DXMxmZNq5v,"Fireworks (I'm The One)","ZERO : FEVER Part.2","ATEEZ",2021-03-01,209574,63,false,giovani.lightz,2026-01-20T03:35:01Z,"k-pop,noise music","KQ Entertainment",0.724,0.904,0,-3.815,1,0.0872,0.0419,0.00000479,0.163,0.728,130.036,4
spotify:track:0Fj5sQ4V4fYGVOxkoNUxz1,"Take Me Home","ZERO : FEVER Part.2","ATEEZ",2021-03-01,221000,57,false,giovani.lightz,2026-05-30T04:10:47Z,"k-pop,noise music","KQ Entertainment",0.636,0.893,0,-3.343,0,0.043,0.0349,0,0.458,0.413,98.026,4
spotify:track:2dPETee06bbHulsABk0h7I,"FEVER","ZERO : FEVER Part.1","ATEEZ",2020-07-29,204040,55,false,giovani.lightz,2026-01-20T16:07:43Z,"k-pop,noise music","KQ Entertainment",0.646,0.86,7,-2.409,1,0.0912,0.135,0,0.131,0.711,92.962,4
spotify:track:0YXpDiXEQlRmVSAFcub7sE,"THANXX","ZERO : FEVER Part.1","ATEEZ",2020-07-29,181146,59,false,giovani.lightz,2026-02-11T11:19:58Z,"k-pop,noise music","KQ Entertainment",0.604,0.961,4,-1.692,0,0.165,0.0395,0,0.242,0.645,164.847,4
spotify:track:7zC6xvBPnIC92K06pMpstY,"INCEPTION","ZERO : FEVER Part.1","ATEEZ",2020-07-29,210813,65,false,giovani.lightz,2026-01-27T18:11:29Z,"k-pop,noise music","KQ Entertainment",0.607,0.886,4,-3.77,0,0.0847,0.108,0,0.31,0.616,149.941,4
spotify:track:6k67RdkVjTZj79c1cRz7IQ,"WONDERLAND","TREASURE EP.FIN : All To Action","ATEEZ",2019-10-08,199013,3,false,giovani.lightz,2026-01-07T13:24:16Z,"k-pop,noise music","KQ Entertainment",0.571,0.964,4,-1.949,0,0.124,0.0503,0,0.356,0.519,129.997,4
spotify:track:6xt6nuh8gvU0O9EqJZZyJj,"MIST","TREASURE EP.FIN : All To Action","ATEEZ",2019-10-08,199026,58,false,giovani.lightz,2026-04-01T20:10:59Z,"k-pop,noise music","Genie Music Corporation, Stone Music Entertainment",0.563,0.835,8,-2.787,1,0.0378,0.0935,0,0.133,0.328,128.019,4
spotify:track:3qLnHFLBlbgvaKIkkVA84Q,"Answer","TREASURE EPILOGUE : Action To Answer","ATEEZ",2020-01-06,221346,64,false,giovani.lightz,2026-01-20T16:11:56Z,"k-pop,noise music","Genie Music Corporation, Stone Music Entertainment",0.565,0.911,7,-1.903,1,0.0505,0.0753,0,0.331,0.527,97.989,4
spotify:track:3LfyucUORRIpE3QM4rA7f8,"UTOPIA","TREASURE EP.3 : One To All","ATEEZ",2019-06-10,239066,60,false,giovani.lightz,2026-01-20T03:41:23Z,"k-pop,noise music","Genie Music Corporation, Stone Music Entertainment",0.669,0.688,1,-5.178,0,0.0333,0.00474,0,0.341,0.559,116.06,4
spotify:track:0UtM496lVNmSw8DWpaBzsn,"Treasure","TREASURE EP.1 : All To Zero","ATEEZ",2018-10-24,220847,57,false,giovani.lightz,2026-01-20T03:43:58Z,"k-pop,noise music","Genie Music Corporation, Stone Music Entertainment",0.647,0.862,6,-3.451,0,0.0874,0.0724,0,0.0838,0.649,134.059,4
spotify:track:2e3cJdJ8xWwydl8JIYlCqB,"Love Talk - English Version","Love Talk (English Version)","WayV",2019-11-05,232150,66,false,giovani.lightz,2026-05-07T23:55:38Z,"k-pop,c-pop,noise music","LABEL V",0.751,0.719,6,-5.198,0,0.0373,0.142,0,0.148,0.437,98.01,4
spotify:track:1wPgCPMdqb1YA7tyE079xd,"BIG BANDS (狂想曲)","BIG BANDS - The 7th Mini Album","WayV",2025-07-18,178000,45,false,giovani.lightz,2026-05-07T23:42:36Z,"k-pop,c-pop,noise music","SM Entertainment",0.578,0.804,10,-5.491,0,0.192,0.0251,0,0.499,0.706,177.129,4
spotify:track:2iPxDFeN27VrKgGdZ0AIKw,"Whiplash","NCT #127 CHERRY BOMB - The 3rd Mini Album","NCT 127",2017-06-14,201658,58,false,giovani.lightz,2026-05-07T23:55:47Z,"k-pop,noise music","SM Entertainment",0.815,0.767,1,-6.119,0,0.182,0.0318,0,0.19,0.76,99.984,4
spotify:track:743yOACnWcrrijTnWdT5YN,"MAESTRO","MAESTRO (Orchestra Remix)","SEVENTEEN",2024-05-03,198906,60,false,giovani.lightz,2026-03-06T00:39:30Z,"k-pop","PLEDIS Entertainment",0.679,0.842,4,-4.113,0,0.189,0.0819,0.0000012,0.148,0.589,151.984,4
spotify:track:3AOf6YEpxQ894FmrwI9k96,"Super","FML","SEVENTEEN",2023-04-24,200386,72,false,giovani.lightz,2026-03-06T00:46:46Z,"k-pop","PLEDIS Entertainment",0.771,0.88,8,-4.091,1,0.0857,0.162,0.00000141,0.167,0.347,137.018,4
spotify:track:1nEhhkEidrTOtc46fCvRFp,"Fame","Fame","RIIZE",2025-11-24,176847,60,false,giovani.lightz,2025-12-27T21:21:50Z,"k-pop","SM Entertainment/RCA Records",0.554,0.822,1,-4.516,0,0.0417,0.000751,0,0.426,0.349,145.999,4
spotify:track:1wcr8DjnN59Awev8nnKpQ4,"Drunk-Dazed","BORDER : CARNIVAL","ENHYPEN",2021-04-26,193260,79,false,giovani.lightz,2025-10-22T03:54:28Z,"k-pop","BELIFT LAB",0.599,0.869,5,-5.174,0,0.0618,0.000707,0,0.0911,0.453,132.889,4
spotify:track:0UzymivvUH5s8z4PeWZJaK,"FEVER","BORDER : CARNIVAL","ENHYPEN",2021-04-26,172106,76,false,giovani.lightz,2025-12-21T09:09:17Z,"k-pop","BELIFT LAB",0.6,0.713,6,-5.079,0,0.0592,0.0642,0,0.142,0.471,72.999,4
spotify:track:3gYWGRS64XrGSrjD3vvtga,"Moonstruck","ROMANCE : UNTOLD","ENHYPEN",2024-07-12,158660,77,false,giovani.lightz,2026-02-05T19:15:07Z,"k-pop","BELIFT LAB",0.64,0.627,4,-5.651,0,0.0369,0.227,0,0.0971,0.348,87.953,4
spotify:track:58ItBuVuKc03DvqSeZFnH1,"Sacrifice (Eat Me Up)","DARK BLOOD","ENHYPEN",2023-05-22,202488,68,false,giovani.lightz,2026-02-05T19:13:56Z,"k-pop","BELIFT LAB",0.536,0.727,0,-4.707,0,0.085,0.444,0,0.102,0.529,68.985,4
spotify:track:7mpdNiaQvygj2rHoxkzMfa,"Bite Me","DARK BLOOD","ENHYPEN",2023-05-22,157531,81,false,giovani.lightz,2025-11-16T00:18:18Z,"k-pop","BELIFT LAB",0.795,0.781,1,-4.647,1,0.141,0.285,0,0.108,0.687,104.972,4
spotify:track:2YmfV4lAjrAQvuggKCUX6m,"Sweet Venom","ORANGE BLOOD","ENHYPEN",2023-11-17,148753,72,false,giovani.lightz,2025-12-21T09:04:45Z,"k-pop","BELIFT LAB",0.84,0.673,10,-3.685,1,0.0427,0.0426,0,0.0971,0.911,115.004,4
spotify:track:4vTXBC7QOjEbi8DcJvCNE2,"JUMP","HARMONY : ALL IN","P1Harmony",2023-06-08,163280,57,false,giovani.lightz,2026-05-30T04:11:20Z,"k-pop,noise music,t-pop","FNC ENTERTAINMENT",0.793,0.672,2,-5.196,1,0.061,0.0343,0,0.1,0.573,121.004,4
spotify:track:2E7qG81LXdZEfobhcrVm06,"Killin' It","Killin' It","P1Harmony",2024-02-05,176133,65,false,giovani.lightz,2025-12-21T09:00:28Z,"k-pop,noise music,t-pop","FNC ENTERTAINMENT",0.717,0.855,6,-2.758,1,0.0716,0.0498,0,0.0259,0.913,90.006,4
spotify:track:6Ts5zvNORCcfLG7K5etvuA,"DUH!","DUH!","P1Harmony",2025-05-08,185440,64,false,giovani.lightz,2026-03-06T01:31:44Z,"k-pop,noise music,t-pop","FNC ENTERTAINMENT",0.795,0.733,11,-2.92,0,0.0442,0.00215,0,0.059,0.701,103.031,4
spotify:track:4AwUc1mdlX4ARHkUNG0iho,"SAD SONG","SAD SONG","P1Harmony",2024-09-20,174680,63,false,giovani.lightz,2025-12-21T09:00:16Z,"k-pop,noise music,t-pop","FNC ENTERTAINMENT",0.616,0.948,10,-1.443,0,0.0949,0.191,0,0.123,0.91,79.996,4
spotify:track:4BtOh0Xwh3DHelPQ14MPVC,"Hollywood Action","The Action","BOYNEXTDOOR",2025-10-20,148000,72,false,giovani.lightz,2026-05-07T23:56:53Z,"k-pop","KOZ Entertainment",0.853,0.86,8,-5.288,0,0.121,0.00893,0,0.0345,0.647,111.983,4
spotify:track:5zwbPkrAUdR95cNStyBe82,"Mmchk","Mmchk","NEXZ",2026-04-27,158813,64,false,giovani.lightz,2026-05-08T21:54:42Z,"k-pop,t-pop","Republic Records – NEXZ",0.751,0.901,4,-4.895,0,0.0419,0.0199,0.00000395,0.103,0.525,119.995,4
spotify:track:09keT5ocFhEd5W5HidiUNq,"Chk Chk Boom","ATE","Stray Kids",2024-07-19,148051,81,false,giovani.lightz,2026-01-12T00:24:46Z,"k-pop,noise music","Republic Records - Stray Kids",0.925,0.74,2,-2.698,1,0.123,0.166,0,0.0521,0.844,101.994,4
spotify:track:63irPUP3xB74fHdw1Aw9zR,"MANIAC","ODDINARY","Stray Kids",2022-03-18,182757,78,false,giovani.lightz,2025-12-21T09:05:20Z,"k-pop,noise music","Republic Records - Stray Kids",0.581,0.8,1,-2.613,1,0.411,0.154,0,0.0697,0.709,119.872,5
spotify:track:0D7q3I9Hpi7bBuFd2OFp1s,"RUN IT","RUN IT","Stray Kids",2026-06-24,209000,79,false,giovani.lightz,2026-06-27T21:56:03Z,"k-pop,noise music","Republic Records - Stray Kids",0.528,0.849,2,-3.937,1,0.0415,0.135,0,0.115,0.698,141.991,4
spotify:track:62xU1NllqWBCbkZFTXEqzF,"CEREMONY","KARMA","Stray Kids",2025-08-22,164026,76,false,giovani.lightz,2026-05-07T23:45:39Z,"k-pop,noise music","Republic Records - Stray Kids",0.891,0.649,1,-2.614,1,0.102,0.00555,0,0.115,0.697,121.067,4
spotify:track:0XuepwFJUcKN8T5zTqoP0F,"Back Door","IN LIFE","Stray Kids",2020-09-14,189286,71,false,giovani.lightz,2026-06-27T22:08:16Z,"k-pop,noise music","Republic Records - Stray Kids",0.82,0.842,7,-3.853,1,0.272,0.157,0,0.112,0.653,107.952,4
spotify:track:1KuNhOubescxn3xD6WNI7Q,"Do It","DO IT","Stray Kids",2025-11-21,159000,79,false,giovani.lightz,2025-12-21T08:17:33Z,"k-pop,noise music","Republic Records - Stray Kids",0.766,0.922,2,-4.239,1,0.0611,0.138,0.00000179,0.0911,0.734,105.012,4
spotify:track:15nElWknZsgnSIfVihVCQf,"DIVINE","DO IT","Stray Kids",2025-11-21,187000,76,false,giovani.lightz,2025-12-21T08:24:50Z,"k-pop,noise music","Republic Records - Stray Kids",0.633,0.858,6,-3.495,0,0.263,0.00798,0,0.245,0.608,98.989,4
spotify:track:2sFWzfV3kqAwXEWM9BjzwH,"MIROH","Clé 1 : MIROH","Stray Kids",2019-03-25,207617,68,false,giovani.lightz,2026-05-07T23:45:45Z,"k-pop,noise music","Republic Records - Stray Kids",0.564,0.979,9,-3.102,1,0.104,0.0091,0,0.249,0.505,126.059,4
spotify:track:3TPvrMAd1hbPRXuHCRX0Pl,"AEAO","A Giant Step","Dynamicduo;DJ Premier",2014-07-16,316944,75,false,giovani.lightz,2026-02-05T19:24:03Z,"k-rap,k-pop,east coast hip hop","Stone Music Entertainment",0.446,0.764,2,-6.479,1,0.181,0.057,0,0.141,0.576,152.604,4
spotify:track:1qRfAvzRIJQodWKBNFAb6C,"Smoke (Prod. Dynamicduo, Padi)","Street Woman Fighter2 (SWF2) Class Mission","Dynamicduo;Lee Young Ji",2023-09-05,209546,60,false,giovani.lightz,2026-05-07T23:51:58Z,"k-rap,k-pop","Genie Music Corporation",0.768,0.818,11,-4.057,0,0.328,0.0317,0.00000135,0.0908,0.769,98.015,4
spotify:track:1iIhGHzzrzqQfuNkFI2qAn,"Any song","Any song","ZICO",2020-01-13,227226,66,false,giovani.lightz,2026-04-20T02:28:10Z,"k-rap,k-pop","KOZ ENTERTAINMENT",0.874,0.787,10,-2.416,0,0.129,0.118,0,0.11,0.896,108.007,4
spotify:track:0M4O6UEu4F9SxImTsBuX9n,"DUET","DUET","ZICO;Lilas",2025-12-18,146000,63,false,giovani.lightz,2026-05-07T23:48:42Z,"k-rap,k-pop,j-pop,anime","KOZ Entertainment",0.837,0.817,4,-2.688,0,0.216,0.139,0,0.0994,0.913,140.037,4
spotify:track:1SS0WlKhJewviwEDZ6dWj0,"SPOT!","SPOT!","ZICO;JENNIE",2024-04-26,167706,75,false,giovani.lightz,2025-10-22T03:16:33Z,"k-rap,k-pop","KOZ Entertainment",0.875,0.782,5,-3.905,0,0.078,0.151,0,0.113,0.906,108.038,4
spotify:track:0OWBz5FCeATA2zhHgAk7Uh,"Rosario (Feat. CL, ZICO)","Epik High Is Here 上 (Part 1)","Epik High;CL;ZICO",2021-01-18,230066,48,true,giovani.lightz,2026-02-05T19:12:27Z,"k-rap,k-pop,k-ballad","OURS Co.",0.786,0.606,9,-6.354,0,0.16,0.224,0,0.0822,0.466,130.084,4
spotify:track:40UVUuyy5RfpO0awclCttA,"FAMOUS","FAMOUS","ALLDAY PROJECT",2025-06-23,180353,69,false,giovani.lightz,2026-01-20T03:38:19Z,"k-pop","THEBLACKLABEL",0.782,0.761,9,-5.833,0,0.057,0.0708,0,0.106,0.485,119.977,4
spotify:track:16iOs2f9G9qRknDgM9cfAw,"Who is she","Who is she","KISS OF LIFE",2026-04-06,159000,71,false,giovani.lightz,2026-04-20T02:29:30Z,"k-pop","S2 ENTERTAINMENT INC.",0.8,0.648,7,-4.829,0,0.0846,0.112,0,0.0528,0.633,134.018,4
spotify:track:561DbHbrzgHdPmPgyiDLQz,"Don't mind me","Who is she","KISS OF LIFE",2026-04-06,180000,52,false,giovani.lightz,2026-04-20T02:29:31Z,"k-pop","S2 ENTERTAINMENT INC.",0.708,0.836,5,-3.39,0,0.0872,0.236,0,0.0669,0.723,109.985,4
spotify:track:7zi7dD55ORKCGEjDNwSa1n,"Get Loud","Lose Yourself","KISS OF LIFE",2024-10-15,169973,53,false,giovani.lightz,2025-11-05T23:44:54Z,"k-pop","S2 ENTERTAINMENT INC.",0.845,0.829,1,-4.505,1,0.104,0.0799,0,0.0592,0.879,110.02,4
spotify:track:2DbDefRFJ5YOfXCKOeCJJh,"Igloo","Lose Yourself","KISS OF LIFE",2024-10-15,131786,74,false,giovani.lightz,2025-10-22T03:16:26Z,"k-pop","S2 ENTERTAINMENT INC.",0.916,0.609,11,-4.457,0,0.217,0.168,0,0.0906,0.873,139.912,4
spotify:track:76qqDJijAjFph7sjUxNVG8,"Shhh","KISS OF LIFE","KISS OF LIFE",2023-07-05,182240,61,false,giovani.lightz,2026-05-07T23:41:33Z,"k-pop","S2 ENTERTAINMENT INC.",0.796,0.758,6,-4.402,1,0.117,0.156,0.00000265,0.0622,0.829,99.98,4
spotify:track:7n6L2QVQ0eDqXUVRZ8qpY8,"Bye My Neverland","KISS OF LIFE","KISS OF LIFE",2023-07-05,203040,53,false,giovani.lightz,2026-05-07T23:41:27Z,"k-pop","S2 ENTERTAINMENT INC.",0.623,0.796,9,-3.959,1,0.0758,0.0348,0,0.106,0.563,157.009,4
spotify:track:0NoeYUnwpb9R26mpylHcR9,"Sugarcoat (NATTY Solo)","KISS OF LIFE","KISS OF LIFE",2023-07-05,179866,69,false,giovani.lightz,2026-04-20T02:10:27Z,"k-pop","S2 ENTERTAINMENT INC.",0.663,0.82,5,-3.244,0,0.0362,0.0339,0,0.0974,0.568,94.019,4
spotify:track:0vaxYDAuAO1nPolC6bQp7V,"Midas Touch","Midas Touch","KISS OF LIFE",2024-04-03,162880,68,false,giovani.lightz,2025-10-22T03:16:28Z,"k-pop","S2 ENTERTAINMENT INC.",0.796,0.9,6,-3.049,1,0.052,0.0513,0,0.118,0.854,118.969,4
spotify:track:5Q4DLsIx0Fl0IDCCWHsLlH,"Lips Hips Kiss","224","KISS OF LIFE",2025-06-09,189040,66,false,giovani.lightz,2025-10-29T05:42:35Z,"k-pop","S2 ENTERTAINMENT INC.",0.738,0.601,1,-4.807,1,0.0902,0.0462,0,0.127,0.845,84.954,4
spotify:track:0HjCJdh1WQrNZuiMG6WiaD,"Lucky","TOKYO MISSION START","KISS OF LIFE",2025-11-05,148866,51,false,giovani.lightz,2025-11-09T02:37:13Z,"k-pop","Nippon Columbia Co., Ltd./NIPPONOPHONE",0.797,0.656,7,-5.243,0,0.122,0.0728,0.000845,0.112,0.741,99.019,4
spotify:track:4e1aewX6ATPcdfQIqr7gqO,"Sticky","Sticky","KISS OF LIFE",2024-07-01,157120,70,false,giovani.lightz,2025-11-09T17:49:20Z,"k-pop","S2 ENTERTAINMENT INC.",0.702,0.701,10,-3.86,0,0.0758,0.391,0,0.132,0.595,99.971,4
spotify:track:7D2B5pj751b3MIaU4TwE6e,"R.E.M","R.E.M","KISS OF LIFE",2024-10-04,172773,55,false,giovani.lightz,2025-11-12T15:54:21Z,"k-pop","S2 ENTERTAINMENT INC.",0.734,0.593,5,-4.143,1,0.0513,0.405,0,0.104,0.497,137.922,4
spotify:track:6U5iImIuGm6HuNJWhEdjYq,"Crescendo","Heavy Serenade","NMIXX",2026-05-11,159000,67,false,giovani.lightz,2026-05-30T04:21:47Z,"k-pop","Republic Records - NMIXX",0.595,0.696,1,-4.544,1,0.0465,0.18,0,0.455,0.401,108.295,4
spotify:track:1404zSB6dqMIiStHLI7gg4,"Heavy Serenade","Heavy Serenade","NMIXX",2026-05-11,180000,75,false,giovani.lightz,2026-05-30T04:21:55Z,"k-pop","Republic Records - NMIXX",0.647,0.832,9,-3.544,1,0.0678,0.0544,0,0.224,0.451,130.048,4
spotify:track:5ltZIJcbNgbSY1IusGfCGJ,"Different Girl","Heavy Serenade","NMIXX",2026-05-11,143000,59,false,giovani.lightz,2026-05-30T04:22:07Z,"k-pop","Republic Records - NMIXX",0.659,0.68,6,-5.384,0,0.0426,0.115,0,0.0609,0.475,159.999,4
spotify:track:71OGZTOt5iS4G3jzBJCJwl,"Superior","Heavy Serenade","NMIXX",2026-05-11,156000,57,false,giovani.lightz,2026-05-30T04:22:13Z,"k-pop","Republic Records - NMIXX",0.738,0.622,8,-5.569,1,0.0421,0.00474,0,0.497,0.331,124.042,4
spotify:track:5rGrtds032AS35wDDyTNN4,"LOUD","Heavy Serenade","NMIXX",2026-05-11,170000,68,false,giovani.lightz,2026-05-30T04:22:17Z,"k-pop","Republic Records - NMIXX",0.714,0.593,5,-4.586,0,0.0369,0.0818,0.00000692,0.162,0.227,140.111,4
spotify:track:4i0HNuFEH6P6K4UnsY5uUh,"Blue Valentine","Blue Valentine","NMIXX",2025-10-13,186000,74,false,giovani.lightz,2025-10-29T05:42:32Z,"k-pop","Republic Records - NMIXX",0.592,0.857,9,-3.967,1,0.345,0.161,0,0.0884,0.544,159.436,4
spotify:track:4pH8rClaLsi6QcDGrw2VgV,"SPINNIN′ ON IT","Blue Valentine","NMIXX",2025-10-13,196000,62,false,giovani.lightz,2026-01-27T19:21:34Z,"k-pop","Republic Records - NMIXX",0.572,0.888,4,-4.341,0,0.045,0.00235,0,0.38,0.567,89.991,4
spotify:track:6jmKdEzi3cJRPQDFHJOqJq,"Reality Hurts","Blue Valentine","NMIXX",2025-10-13,155000,56,false,giovani.lightz,2026-01-27T19:19:39Z,"k-pop","Republic Records - NMIXX",0.614,0.725,2,-5.02,1,0.175,0.0138,0.00167,0.149,0.451,142.031,4
spotify:track:5hSofnmVnpvAOi8k9E1G5M,"RICO","Blue Valentine","NMIXX",2025-10-13,152000,54,false,giovani.lightz,2026-05-07T23:43:16Z,"k-pop","Republic Records - NMIXX",0.815,0.668,7,-5.401,0,0.273,0.0473,0.00000908,0.102,0.775,108.076,4
spotify:track:6lw2ZImTEkaIHgBZbfp8RV,"Game Face","Blue Valentine","NMIXX",2025-10-13,163000,53,false,giovani.lightz,2026-05-07T23:44:55Z,"k-pop","Republic Records - NMIXX",0.736,0.832,8,-4.752,1,0.215,0.0817,0,0.199,0.503,94.983,4
spotify:track:2GrvPIXncT6FOlbq4jNhg2,"PODIUM","Blue Valentine","NMIXX",2025-10-13,181000,56,false,giovani.lightz,2026-05-07T23:43:05Z,"k-pop","Republic Records - NMIXX",0.81,0.818,1,-4.093,1,0.0506,0.00459,0.000314,0.11,0.643,114.014,4
spotify:track:4nEA4DG3t2vgI9N6SCcOtz,"Crush On You","Blue Valentine","NMIXX",2025-10-13,159000,56,false,giovani.lightz,2026-05-07T23:44:41Z,"k-pop","Republic Records - NMIXX",0.725,0.782,1,-5.473,1,0.0437,0.0881,0,0.152,0.899,104.965,4
spotify:track:0mPYjKXaHYMPhtq0hCIkgn,"ADORE U","Blue Valentine","NMIXX",2025-10-13,150000,59,false,giovani.lightz,2026-03-25T21:03:32Z,"k-pop","Republic Records - NMIXX",0.459,0.879,4,-2.353,1,0.0876,0.0654,0,0.269,0.619,196.177,4
spotify:track:1Q89wi4LD9O9oU1gn0hL7Y,"Shape of Love","Blue Valentine","NMIXX",2025-10-13,172000,56,false,giovani.lightz,2026-05-07T23:44:36Z,"k-pop","Republic Records - NMIXX",0.769,0.783,8,-5.146,1,0.0503,0.18,0,0.121,0.778,125.025,4
spotify:track:5yfhzEct1ulyU6g5oVRraj,"KNOW ABOUT ME","Fe3O4: FORWARD","NMIXX",2025-03-17,165773,66,false,giovani.lightz,2025-10-17T18:35:05Z,"k-pop","Republic Records - NMIXX",0.708,0.787,2,-3.179,1,0.0458,0.019,0.0000131,0.262,0.474,168.988,4
spotify:track:2tVhQGh2RBes4ucWS4bcqz,"High Horse","Fe3O4: FORWARD","NMIXX",2025-03-17,203213,53,false,giovani.lightz,2026-05-07T23:48:15Z,"k-pop","Republic Records - NMIXX",0.423,0.793,10,-4.099,1,0.0666,0.02,0.00000418,0.111,0.107,191.926,4
spotify:track:5hcfx0GaIpU5cLiiN2l8mX,"Papillon","Fe3O4: FORWARD","NMIXX",2025-03-17,158040,59,false,giovani.lightz,2026-05-07T23:40:58Z,"k-pop","Republic Records - NMIXX",0.558,0.79,0,-4.34,1,0.0453,0.0191,0.0000512,0.0718,0.577,151.993,4
spotify:track:3Tguah9qCyyk1cxpOIYsS9,"Ocean","Fe3O4: FORWARD","NMIXX",2025-03-17,170080,56,false,giovani.lightz,2026-05-07T23:51:48Z,"k-pop","Republic Records - NMIXX",0.506,0.669,7,-5.391,1,0.0631,0.318,0,0.291,0.442,168.095,3
spotify:track:3Zice5cXhiPVLwrdBJlyHc,"See that?","Fe3O4: STICK OUT","NMIXX",2024-08-19,182795,58,false,giovani.lightz,2026-04-20T02:10:30Z,"k-pop","Republic Records - NMIXX",0.491,0.825,7,-2.934,1,0.237,0.0344,0,0.113,0.53,87.955,4
spotify:track:7h6zQBXlsrUb9990J8x0vr,"Red light sign, but we go","Fe3O4: STICK OUT","NMIXX",2024-08-19,137333,52,false,giovani.lightz,2026-05-07T23:40:53Z,"k-pop","Republic Records - NMIXX",0.736,0.817,2,-4.135,1,0.279,0.179,0,0.137,0.531,134.993,4
spotify:track:3P8l7sbL5dxKlS4gcJ1qJI,"BEAT BEAT","Fe3O4: STICK OUT","NMIXX",2024-08-19,168840,53,false,giovani.lightz,2026-05-07T23:46:23Z,"k-pop","Republic Records - NMIXX",0.711,0.851,11,-3.424,0,0.0928,0.162,0,0.104,0.788,148.058,4
spotify:track:0SnYOVoJPIH7BxSc0KumBI,"Moving On","Fe3O4: STICK OUT","NMIXX",2024-08-19,210266,51,false,giovani.lightz,2026-05-07T23:40:41Z,"k-pop","Republic Records - NMIXX",0.524,0.882,11,-3.127,1,0.0466,0.0728,0,0.17,0.411,90.045,4
spotify:track:4IAjCbrxOPyfMqbVasSjwc,"Love Is Lonely","Fe3O4: STICK OUT","NMIXX",2024-08-19,197026,57,false,giovani.lightz,2026-05-07T23:39:59Z,"k-pop","Republic Records - NMIXX",0.662,0.814,9,-5.139,1,0.0337,0.0527,0.00000203,0.0995,0.528,127.949,4
spotify:track:2RoYgkPzUY0vY7lhUuyus1,"DASH","Fe3O4: BREAK","NMIXX",2024-01-15,166979,64,false,giovani.lightz,2026-04-20T02:10:59Z,"k-pop","Republic Records - NMIXX",0.645,0.83,5,-1.92,0,0.138,0.0843,0,0.0605,0.725,179.977,4
spotify:track:4byr9TsXs4qtm8rG2FfwRW,"Run For Roses","Fe3O4: BREAK","NMIXX",2024-01-15,215293,62,false,giovani.lightz,2026-05-07T23:44:25Z,"k-pop","Republic Records - NMIXX",0.671,0.764,11,-4.146,0,0.0408,0.356,0,0.154,0.604,91.994,4
spotify:track:773OzGjcoYdvfbRqpympVW,"Passionfruit","Fe3O4: BREAK","NMIXX",2024-01-15,160826,55,false,giovani.lightz,2026-05-30T04:19:28Z,"k-pop","Republic Records - NMIXX",0.759,0.773,1,-5.271,1,0.06,0.279,0,0.0705,0.674,140.064,4
spotify:track:5jJgfoe8qJ59Dtp5nWmVVX,"XOXO","Fe3O4: BREAK","NMIXX",2024-01-15,162746,51,false,giovani.lightz,2026-05-07T23:44:01Z,"k-pop","Republic Records - NMIXX",0.843,0.697,8,-3.173,1,0.0528,0.238,0,0.157,0.651,96.024,4
spotify:track:1SmJafjGG3oM3sflmcZRXU,"Break The Wall","Fe3O4: BREAK","NMIXX",2024-01-15,204560,52,false,giovani.lightz,2026-05-07T23:44:19Z,"k-pop","Republic Records - NMIXX",0.778,0.838,7,-3.994,1,0.0721,0.0318,0,0.148,0.623,106.016,4
spotify:track:47ddsgWAC3q16lAmOSMTkr,"Roller Coaster","A Midsummer NMIXX’s Dream","NMIXX",2023-07-11,179373,43,false,giovani.lightz,2026-05-07T23:39:42Z,"k-pop","Republic Records - NMIXX",0.713,0.899,7,-3.386,1,0.0584,0.0956,0,0.387,0.611,120.027,4
spotify:track:0HdcJkzhhhzID0nXEpIVgH,"Party O'Clock","A Midsummer NMIXX’s Dream","NMIXX",2023-07-11,183546,56,false,giovani.lightz,2026-05-07T23:39:47Z,"k-pop","Republic Records - NMIXX",0.739,0.865,9,-2.847,0,0.0872,0.149,0,0.124,0.707,127.995,4
spotify:track:34UmtfADjmo12Jek6LpzQe,"My Gosh","expérgo","NMIXX",2023-03-20,216106,47,false,giovani.lightz,2026-06-27T22:11:28Z,"k-pop","Republic Records - NMIXX",0.674,0.757,9,-4.253,1,0.139,0.661,0,0.0856,0.509,99.992,4
spotify:track:3D5t7S7W8BABJvA1SAIAHb,"COOL - (Your rainbow)","ENTWURF","NMIXX",2022-09-19,170400,54,false,giovani.lightz,2026-05-07T23:39:52Z,"k-pop","Republic Records - NMIXX",0.581,0.719,8,-5.472,1,0.155,0.56,0,0.233,0.563,148.867,4
spotify:track:5SlyVce68EWYy9KyqqfwJp,"WONDERLAND (IDYPIA)","PANDORA'S BOX","MAVE:",2023-01-25,197706,32,false,giovani.lightz,2025-12-08T21:18:59Z,"k-pop","Metaverse Entertainment Inc.",0.426,0.756,11,-3.948,0,0.0399,0.0303,0,0.185,0.183,169.71,3
spotify:track:70yszWsLJvNZuZwaHNMROf,"PANDORA","PANDORA'S BOX","MAVE:",2023-01-25,196826,57,false,giovani.lightz,2025-11-17T06:35:59Z,"k-pop","Metaverse Entertainment Inc.",0.644,0.945,9,-2.436,1,0.123,0.0204,0.000133,0.328,0.759,149.986,4
spotify:track:0ARKW62l9uWIDYMZTUmJHF,"Shut Down","BORN PINK","BLACKPINK",2022-09-16,175889,68,false,giovani.lightz,2025-12-09T00:56:07Z,"k-pop","YG Entertainment/Interscope Records",0.814,0.704,0,-5.146,1,0.036,0.00291,0,0.182,0.621,110.056,3
spotify:track:2th6UWbfVz3hsSDzQAKqy2,"Sweet Juice","Cabin Fever","PURPLE KISS",2023-02-15,192653,51,false,giovani.lightz,2025-11-14T06:13:37Z,"k-pop","RBW Inc.",0.705,0.709,6,-2.871,1,0.0372,0.031,0,0.48,0.723,116.012,4
spotify:track:26YMXkyHGrOQQUl2E4upkv,"Pretty Psycho","memeM","PURPLE KISS",2022-03-29,190466,40,false,giovani.lightz,2025-11-27T00:46:55Z,"k-pop","RBW Inc.",0.726,0.808,8,-3.194,1,0.195,0.0159,0,0.0949,0.791,132.034,4
spotify:track:05NoTRUIxv24AvRfdPmMkV,"DOREMI","I Miss My...","PURPLE KISS",2025-07-16,224000,40,false,giovani.lightz,2025-10-29T05:42:29Z,"k-pop","RBW Inc.",0.633,0.897,5,-2.305,1,0.046,0.0144,0,0.0819,0.694,154.003,4
spotify:track:7u0yW2XPSJozIGdUSRET19,"Suddenly","I.O.I 3rd MINI ALBUM [I.O.I : LOOP]","I.O.I",2026-05-19,195000,76,false,giovani.lightz,2026-05-30T04:14:50Z,"k-pop","Genie Music Corporation, Stone Music Entertainment",0.668,0.658,5,-5.535,0,0.0272,0.000335,0,0.132,0.321,116.99,4
spotify:track:4IiZmwQIkApeVxHDujXJft,"Say It","Say It","AtHeart",2026-06-25,184569,59,false,giovani.lightz,2026-06-27T21:54:52Z,"k-pop","Titan Content, Inc.",0.741,0.71,11,-5.221,1,0.0641,0.126,0,0.14,0.584,126.981,4
spotify:track:2M9u2uI82pX00qZmHvtIU4,"Butterfly Doors","Butterfly Doors","AtHeart",2026-03-11,171000,50,false,giovani.lightz,2026-05-30T04:23:03Z,"k-pop","Titan Content, Inc.",0.701,0.811,1,-3.84,1,0.0499,0.165,0,0.215,0.706,159.971,4
spotify:track:3ylwpGWNGip7lRhNCpCBLR,"Racecar","Not Just Pretty","izna",2025-09-30,152683,60,false,giovani.lightz,2026-06-27T21:58:05Z,"k-pop","Genie Music Corporation, Stone Music Entertainment",0.642,0.768,9,-5.259,1,0.04,0.0516,0.00000864,0.0984,0.409,149.92,4
spotify:track:0lcaaS20sIJaLeVsAyAiKf,"METRONOME","SET THE TEMPO","izna",2026-06-08,179657,68,false,giovani.lightz,2026-06-27T22:05:29Z,"k-pop","izna",0.783,0.865,9,-6.032,0,0.0632,0.0123,0.000015,0.0833,0.195,127.995,4
spotify:track:0NUab1Hd5VSFickV3HOy9M,"Lost in Proof","Heart Byte : LEGACY","HEART OF WOMAN",2026-05-28,154000,47,false,giovani.lightz,2026-06-27T22:00:16Z,"","BLUEBROWN RECORDS",0.794,0.81,2,-3.544,0,0.0983,0.087,0,0.0626,0.897,110.054,4
spotify:track:0etkpBF3n8stJcbtdmCQSx,"Mama I’m Alright","The 1st Mini Album [AFTER CRY]","Baby DONT Cry",2026-03-24,149693,39,false,giovani.lightz,2026-06-27T22:04:47Z,"k-pop","P NATION",0.62,0.872,1,-5.117,1,0.054,0.0126,0.00000206,0.0594,0.754,128.037,4
spotify:track:4attgopd8pmrJ03fSDeOI2,"Bittersweet","The 1st Mini Album [AFTER CRY]","Baby DONT Cry",2026-03-24,200089,58,false,giovani.lightz,2026-05-30T03:50:00Z,"k-pop","P NATION",0.604,0.76,7,-5.315,1,0.0443,0.00496,0.0000557,0.1,0.936,159.99,4
spotify:track:6ONjO8j2uE9Y9wPgbYR3fw,"Shapeshifter","The 1st Mini Album [AFTER CRY]","Baby DONT Cry",2026-03-24,184477,34,false,giovani.lightz,2026-06-27T22:04:53Z,"k-pop","P NATION",0.846,0.669,2,-5.213,0,0.0811,0.0105,0.0000108,0.0839,0.843,145.014,4
spotify:track:5lH7FlYMKULfSxyMBsHgHJ,"Tears On My Pillow","The 1st Mini Album [AFTER CRY]","Baby DONT Cry",2026-03-24,204608,37,false,giovani.lightz,2026-06-27T22:04:55Z,"k-pop","P NATION",0.563,0.421,8,-8.176,1,0.0363,0.677,0,0.124,0.162,157.761,3
spotify:track:7h6DJy4HspkjUtOdYtfqv4,"I DONT CARE","I DONT CARE","Baby DONT Cry",2025-11-19,199867,52,false,giovani.lightz,2026-06-27T22:05:00Z,"k-pop","P NATION",0.638,0.781,8,-5.254,1,0.0929,0.0307,0,0.206,0.705,164.903,4
spotify:track:7LwQfsJ7JzgfFr7ErvcTs6,"r u ok?","sweet tang","ifeye",2025-07-16,164000,62,false,giovani.lightz,2026-05-30T04:22:59Z,"k-pop","HI-HAT ENTERTAINMENT",0.842,0.807,11,-5.005,1,0.0444,0.00448,0.000447,0.164,0.782,128.026,4
spotify:track:2PBOyq9hBSuR6K5rQ8UTdP,"Hazy (Daisy)","As if","ifeye",2026-04-15,170865,52,false,giovani.lightz,2026-05-30T03:50:42Z,"k-pop","HI-HAT ENTERTAINMENT",0.656,0.902,9,-3.988,1,0.0568,0.177,0,0.177,0.612,159.982,4
spotify:track:4TBpE4HSPeB6OTqbqqwSon,"HEARTRIS","Press Play","NiziU",2023-10-30,180883,45,false,giovani.lightz,2026-06-27T22:11:43Z,"j-pop,k-pop","Republic Records – NiziU",0.737,0.977,7,-2.146,0,0.113,0.117,0.00000448,0.347,0.844,124.068,4
spotify:track:1trZK2rzKfvvI81APSf6Dq,"Too Bad","GOOD GIRL BUT NOT FOR YOU","NiziU",2026-04-01,169200,53,false,giovani.lightz,2026-04-20T02:16:51Z,"j-pop,k-pop","Sony Music Labels Inc.",0.716,0.91,11,-3.379,1,0.136,0.0685,0.00000487,0.382,0.881,136.993,4
spotify:track:4GdYcBziM4hqHJSXYSntQe,"RISE UP","RISE UP","NiziU",2024-07-07,180533,49,false,giovani.lightz,2026-04-20T16:54:42Z,"j-pop,k-pop","Sony Music Labels Inc.",0.776,0.9,7,-3.045,0,0.115,0.0521,0,0.157,0.274,99.934,4
spotify:track:6RFwKZfqEfRfz9aJMuxeBq,"2 L0VE","2:LOVE","STAYC",2026-06-16,181095,63,false,giovani.lightz,2026-06-27T22:02:19Z,"k-pop","High Up Entertainment",0.727,0.963,1,-3.427,1,0.185,0.0281,0,0.0488,0.847,126.994,4
spotify:track:08djt7JVDPyJGvnDAvBskP,"WHERE YOU AT?","2:LOVE","STAYC",2026-06-16,181124,47,false,giovani.lightz,2026-06-27T22:02:30Z,"k-pop","High Up Entertainment",0.746,0.869,0,-4.041,1,0.0405,0.0231,0,0.0429,0.894,129.967,4
spotify:track:02wJoyBd52LlENF04aVdVq,"BEAT MY LOVE","2:LOVE","STAYC",2026-06-16,172586,45,false,giovani.lightz,2026-06-27T22:02:08Z,"k-pop","High Up Entertainment",0.613,0.888,1,-4.067,0,0.0477,0.0726,0.0000481,0.0821,0.498,169.984,4
spotify:track:1JTsi0EMamwoojL2To6jvR,"SORRY","2:LOVE","STAYC",2026-06-16,172963,48,false,giovani.lightz,2026-06-27T22:02:11Z,"k-pop","High Up Entertainment",0.511,0.907,1,-3.492,0,0.0513,0.00974,0.000167,0.107,0.48,169.954,4
spotify:track:5BXr7hYZQOeRttkeWYTq5S,"ASAP","STAYDOM","STAYC",2021-04-08,194080,63,false,giovani.lightz,2026-01-27T18:50:18Z,"k-pop","High Up Entertainment",0.764,0.802,0,-4.217,1,0.0351,0.102,0,0.189,0.323,132.02,4
spotify:track:36qXU2yyq1JtGp05omV7bu,"GPT","...l","STAYC",2024-10-30,188790,59,false,giovani.lightz,2026-07-29T15:34:47Z,"k-pop","High Up Entertainment",0.658,0.915,2,-3.044,1,0.0379,0.177,0.000896,0.122,0.753,125.957,4
spotify:track:4wqvBkHI3a75Fmlirlq3uD,"I WANT U BABY","YOUNG-LUV.COM","STAYC",2022-02-21,173733,42,false,giovani.lightz,2026-03-25T21:03:46Z,"k-pop","High Up Entertainment",0.738,0.598,7,-6.186,0,0.0597,0.383,0,0.139,0.426,135.864,4
spotify:track:3gFcGnU4kTdMYLXDjH1TK8,"RUN2U","YOUNG-LUV.COM","STAYC",2022-02-21,213426,61,false,giovani.lightz,2026-04-20T02:08:44Z,"k-pop","High Up Entertainment",0.722,0.676,11,-5.885,0,0.0829,0.000835,0.000012,0.321,0.362,129.943,4
spotify:track:3BhyxulZ13uWZS6LqiYiCj,"Cheeky Icy Thang","Metamorphic","STAYC",2024-07-01,150769,48,false,giovani.lightz,2026-05-07T23:45:22Z,"k-pop","High Up Entertainment",0.757,0.843,2,-4.033,1,0.0475,0.0128,0,0.117,0.673,131.011,4
spotify:track:2bZIDMpzVooosmPHn0tHnd,"STEREOTYPE","STEREOTYPE","STAYC",2021-09-06,191695,62,false,giovani.lightz,2026-04-20T02:13:08Z,"k-pop","High Up Entertainment",0.605,0.805,6,-3.212,1,0.0641,0.313,0,0.659,0.738,148.298,4
spotify:track:5iXD5rOKV99XGtkaiucHpM,"BEBE","S","STAYC",2025-03-18,179391,54,false,giovani.lightz,2026-04-20T02:13:09Z,"k-pop","High Up Entertainment",0.749,0.892,10,-3.82,0,0.0721,0.311,0,0.14,0.77,125.016,4
spotify:track:12tWYSmupB8x0B4HyalBAm,"Glow Up","Glow Up","RESCENE",2025-02-05,148386,65,false,giovani.lightz,2026-01-12T01:08:49Z,"k-pop","THE MUZE ENTERTAINMENT",0.834,0.844,11,-3.805,0,0.0476,0.2,0.00000629,0.0819,0.742,118.017,4
spotify:track:1pBUzZE9PoKLoPxo6QxsG6,"Deja Vu","Dearest","RESCENE",2025-07-02,184000,72,false,giovani.lightz,2026-03-25T20:59:56Z,"k-pop","THE MUZE ENTERTAINMENT",0.783,0.915,9,-3.228,1,0.0445,0.128,0,0.206,0.494,125.09,4
spotify:track:4kFNp7cXigoEUUxohP22Gs,"Lucky you","SCENEDROME","RESCENE",2024-08-27,128800,54,false,giovani.lightz,2026-03-06T01:10:32Z,"k-pop","THE MUZE ENTERTAINMENT",0.523,0.876,5,-3.233,0,0.395,0.0397,0,0.164,0.476,188.051,4
spotify:track:6uosenLUNFZtOIih5T0qfV,"LOVE ATTACK","SCENEDROME","RESCENE",2024-08-27,181560,76,false,giovani.lightz,2026-01-20T04:00:43Z,"k-pop","THE MUZE ENTERTAINMENT",0.741,0.864,3,-3.395,0,0.0375,0.103,0,0.496,0.856,112.005,4
spotify:track:4yM69KDQjKP8TjqgUR2euW,"New World","SCENEDROME","RESCENE",2024-08-27,178306,57,false,giovani.lightz,2026-03-06T01:10:34Z,"k-pop","THE MUZE ENTERTAINMENT",0.761,0.756,6,-4.201,0,0.0431,0.0745,0,0.0724,0.701,100.026,4
spotify:track:7FzDMnwPhj6qdTT2PRaSYi,"Pinball","SCENEDROME","RESCENE",2024-08-27,192973,67,false,giovani.lightz,2026-03-06T01:10:36Z,"k-pop","THE MUZE ENTERTAINMENT",0.627,0.86,8,-3.449,1,0.0502,0.0411,0,0.0877,0.575,169.952,4
spotify:track:39gaUtq2z4ejJbno7tWHbL,"T.B.H","1st Mini Album 'MANITO'","QWER",2024-04-01,175880,62,false,giovani.lightz,2026-06-27T21:55:20Z,"rock coreano,k-pop","TAMAGO PRODUCTION",0.546,0.963,2,-1.283,1,0.109,0.0517,0,0.186,0.678,178.026,4
spotify:track:2wVjE1zphtVqitk7LKelKq,"OVERDRIVE","3rd Mini Album 'In a million noises, I'll be your harmony'","QWER",2025-06-09,172026,44,false,giovani.lightz,2026-06-27T21:54:29Z,"rock coreano,k-pop","TAMAGO PRODUCTION",0.57,0.925,4,-4.015,0,0.103,0.0122,0,0.686,0.579,175.014,4
spotify:track:63gioPx2WipyXiigLMf1nB,"DROP TOP","MY EYES OPEN VVIDE","MEOVV",2025-05-12,195835,65,false,giovani.lightz,2025-11-16T02:21:27Z,"k-pop","The Black Label",0.707,0.654,6,-4.209,1,0.0426,0.0591,0,0.368,0.185,95.007,4
spotify:track:6Ja4MH8qIfhVABsb9Kxjjr,"DDI RO RI","BITE NOW","MEOVV",2026-06-01,195935,77,true,giovani.lightz,2026-06-27T22:09:15Z,"k-pop","The Black Label",0.722,0.662,1,-7.41,1,0.196,0.00637,0,0.0916,0.506,140.074,4
spotify:track:5gLcxDB1llwMy1k54kc7nH,"In my hands","BITE NOW","MEOVV",2026-06-01,146662,67,false,giovani.lightz,2026-06-27T22:09:13Z,"k-pop","The Black Label",0.683,0.89,2,-5.168,0,0.0423,0.00652,0,0.432,0.528,143.966,4
spotify:track:6cbQ7ZSV5BfLMQVa8N29eV,"Favorite song","BITE NOW","MEOVV",2026-06-01,198951,61,false,giovani.lightz,2026-06-27T22:09:11Z,"k-pop","The Black Label",0.653,0.604,8,-5.09,1,0.0885,0.062,0,0.0606,0.569,180.104,4
spotify:track:7cD0yXDibIKoPepD3hMuXx,"Revenge","BITE NOW","MEOVV",2026-06-01,187525,59,false,giovani.lightz,2026-06-27T22:09:08Z,"k-pop","The Black Label",0.42,0.668,4,-4.885,1,0.0842,0.248,0,0.239,0.44,142.907,4
spotify:track:1H9C0PyfQAxiMBKvvDZK9N,"TOXIC","TOXIC","MEOVV",2024-11-18,190187,65,false,giovani.lightz,2026-03-06T01:25:16Z,"k-pop","The Black Label",0.827,0.547,0,-6.71,1,0.0584,0.0989,0.00000323,0.185,0.0987,114.942,4
spotify:track:3uqgFeHo4Jr1D3gVIHQlD7,"BURNING UP","BURNING UP","MEOVV",2025-10-14,169546,72,false,giovani.lightz,2026-01-12T01:05:03Z,"k-pop","The Black Label",0.714,0.786,9,-5.384,0,0.0724,0.00159,0.0005,0.333,0.458,140,4
spotify:track:3AXryyinIY17WLddIcNjwT,"TTYL","TTYL","Loossemble",2024-09-02,183786,64,false,giovani.lightz,2026-03-25T21:05:18Z,"k-pop","HanGangMunHwa / ADA",0.593,0.97,1,-1.801,0,0.0602,0.0309,0.0000143,0.273,0.891,144.018,4
spotify:track:4yO28DRzc1A9PSt90haEuh,"Starlight","One Of A Kind","Loossemble",2024-04-15,202946,36,false,giovani.lightz,2026-06-27T22:06:25Z,"k-pop","HanGangMunHwa / ADA",0.683,0.811,1,-4.107,0,0.0666,0.102,0,0.0804,0.3,90.027,4
spotify:track:6oNLSQX8bcAdbCElZYju3v,"Supersonic","Supersonic","fromis_9",2024-08-12,174146,69,false,giovani.lightz,2025-10-17T18:35:02Z,"k-pop,bubblegum pop","PLEDIS Entertainment",0.672,0.801,6,-3.968,0,0.0413,0.0539,0,0.131,0.415,140.025,4
spotify:track:7t4Z19BqZ23ExgdiOP0nf6,"LIKE YOU BETTER","From Our 20's","fromis_9",2025-06-25,185026,61,false,giovani.lightz,2025-11-12T15:05:07Z,"k-pop,bubblegum pop","ASND ENTERTAINMENT CO., LTD",0.678,0.943,6,-2.746,1,0.162,0.0123,0,0.633,0.456,128.955,4
spotify:track:4lIAPwAU6R8PAy2WhykC4i,"#menow","Unlock My World","fromis_9",2023-06-05,169906,57,false,giovani.lightz,2025-11-17T06:29:00Z,"k-pop,bubblegum pop","PLEDIS Entertainment",0.703,0.909,6,-2.686,0,0.102,0.192,0,0.0717,0.83,117.989,4
spotify:track:52CBUrIdyf8tbZaUY9iawE,"After School","We play","Weeekly",2021-03-17,205373,65,false,giovani.lightz,2025-10-22T03:16:19Z,"k-pop","Above Music",0.634,0.928,1,-1.609,1,0.0514,0.00719,0.00000255,0.0626,0.738,164.007,4
spotify:track:5XS0GCCIotaI6XtsYcIKeX,"Bon Bon Chocolat","ARRIVAL OF EVERGLOW","EVERGLOW",2019-03-18,228682,62,false,giovani.lightz,2026-04-20T02:13:06Z,"k-pop,noise music","Genie Music Corporation, Stone Music Entertainment",0.72,0.828,6,-5.559,1,0.0612,0.0343,0,0.0747,0.633,139.928,4
spotify:track:3ejAkJLWQSEJDqDXxK3efB,"DUN DUN","reminiscence","EVERGLOW",2020-02-03,192280,64,false,giovani.lightz,2026-04-20T02:13:07Z,"k-pop,noise music","Genie Music Corporation, Stone Music Entertainment",0.692,0.881,11,-2.563,0,0.0461,0.0457,0.00000445,0.146,0.432,103.053,4
spotify:track:0Vu5tjvXZX3qtzRiezxLi1,"Pirate","Return of The Girl","EVERGLOW",2021-12-01,210013,57,false,giovani.lightz,2026-05-30T04:23:26Z,"k-pop,noise music","Genie Music Corporation, Stone Music Entertainment",0.683,0.685,7,-5.381,1,0.0425,0.00195,0,0.0582,0.381,129.993,4
spotify:track:6mIjJONoUMvGPT9Kzrab3L,"LA DI DA","-77.82X-78.29","EVERGLOW",2020-09-21,210893,64,false,giovani.lightz,2026-04-20T02:19:45Z,"k-pop,noise music","Genie Music Corporation, Stone Music Entertainment",0.477,0.85,3,-1.486,0,0.0911,0.00108,0,0.0675,0.601,163.845,4
spotify:track:3qvfE7DGsIlkWzKMOS4gAm,"Deja Vu","Raid of Dream","Dreamcatcher",2019-09-18,224784,17,false,giovani.lightz,2026-04-20T02:27:57Z,"rock coreano,k-pop","DREAMCATCHER COMPANY",0.482,0.675,5,-5.296,0,0.0653,0.0631,0,0.177,0.532,179.69,4
spotify:track:5zhuhNkILzHm585h104JlI,"GOOD NIGHT","악몽·Fall asleep in the mirror","Dreamcatcher",2017-04-05,174743,12,false,giovani.lightz,2026-06-27T22:07:17Z,"rock coreano,k-pop","DREAMCATCHER COMPANY",0.456,0.957,5,-1.093,0,0.402,0.112,0,0.101,0.535,196.067,4
spotify:track:4vYl7SpRagjs16rJMxcGqe,"WOW","[&]","LOONA",2021-06-28,178573,39,false,giovani.lightz,2026-04-20T02:28:07Z,"k-pop","Knowmerce Corp. / ADA",0.702,0.938,0,-2.264,1,0.0917,0.0166,0,0.0761,0.56,105.98,4
spotify:track:7GBHTgiBz9KXoVk1EPVjVB,"U R","[&]","LOONA",2021-06-28,184533,34,false,giovani.lightz,2026-05-30T04:06:55Z,"k-pop","Knowmerce Corp. / ADA",0.604,0.704,1,-3.21,0,0.0932,0.569,0,0.0921,0.274,90.033,4
spotify:track:2WezbqTYMdA0EU9DS1euVl,"Voice","[12:00]","LOONA",2020-10-19,198186,40,false,giovani.lightz,2026-04-20T02:28:08Z,"k-pop","Knowmerce Corp. / ADA",0.71,0.921,6,-1.905,0,0.0547,0.053,0.00429,0.0576,0.912,158.069,4
spotify:track:7sl69tx6v5Q9AyCvZEGNPv,"Fall Again","[12:00]","LOONA",2020-10-19,215973,38,false,giovani.lightz,2026-05-07T23:54:39Z,"k-pop","Knowmerce Corp. / ADA",0.643,0.644,0,-3.315,1,0.0629,0.523,0.00000291,0.0904,0.414,83.994,4
spotify:track:6SSC9KZQaxBdyipKRigrFC,"Heart Attack (츄)","Chuu","LOONA",2017-12-28,194941,63,false,giovani.lightz,2026-03-25T21:08:06Z,"k-pop","BlockBerryCreative",0.663,0.857,7,-3.457,1,0.0581,0.0524,0,0.591,0.75,99.014,4
spotify:track:0RqzUS7AkBhQDrBxcGFeDv,"Hi High","[+ +]","LOONA",2018-08-20,196863,50,false,giovani.lightz,2026-03-25T21:05:43Z,"k-pop","BlockBerryCreative",0.669,0.919,7,-2.262,0,0.0711,0.0357,0.00000681,0.222,0.538,96.955,4
spotify:track:6wNKKoUQfLPmch7cqSFytV,"Butterfly","[X X]","LOONA",2019-02-19,237707,54,false,giovani.lightz,2026-04-20T02:19:43Z,"k-pop","BlockBerryCreative",0.582,0.849,7,-4.153,0,0.0414,0.034,0.000138,0.119,0.355,107.004,4
spotify:track:7G6WuVZuTbF6JcnA9wOvsD,"Secret Story of the Swan","Oneiric Diary","IZ*ONE",2020-06-15,192333,63,false,giovani.lightz,2025-11-14T06:12:26Z,"k-pop","Genie Music Corporation, Stone Music Entertainment",0.703,0.941,7,-0.995,0,0.0808,0.131,0,0.319,0.758,102.969,4
spotify:track:4Wa3kUtGTeuPuC9qF9wF0g,"Sequence","One-reeler / Act IV","IZ*ONE",2020-12-07,190866,48,false,giovani.lightz,2026-01-12T00:06:31Z,"k-pop","OFF THE RECORD Entertainment, SWING Entertainment",0.793,0.849,1,-3.137,0,0.114,0.00311,0,0.0506,0.771,125.957,4
spotify:track:0CnpSTdL9l5vQM4YnzXtyo,"Panorama","One-reeler / Act IV","IZ*ONE",2020-12-07,222853,67,false,giovani.lightz,2026-01-12T00:16:29Z,"k-pop","OFF THE RECORD Entertainment, SWING Entertainment",0.726,0.963,9,-1.111,0,0.0916,0.0429,0.00157,0.128,0.769,126.062,4
spotify:track:6Ihdn6wW2UBhfTKWbP29KA,"FIESTA","BLOOM*IZ","IZ*ONE",2020-02-17,217760,64,false,giovani.lightz,2026-01-12T00:14:27Z,"k-pop","Genie Music Corporation, Stone Music Entertainment",0.756,0.927,7,-2.116,1,0.0594,0.0617,0,0.343,0.723,123.005,4
spotify:track:4XKCLNyCTvtdkLu5O1mzTU,"AYAYAYA","BLOOM*IZ","IZ*ONE",2020-02-17,202400,48,false,giovani.lightz,2026-01-12T00:06:34Z,"k-pop","Genie Music Corporation, Stone Music Entertainment",0.643,0.883,2,-2.348,0,0.119,0.157,0,0.284,0.764,110.115,4
spotify:track:1HLVKk07Ac4M6rql3B5KLw,"D-D-DANCE","D-D-DANCE","IZ*ONE",2021-01-26,205066,48,false,giovani.lightz,2026-01-12T00:12:37Z,"k-pop","Klap Entertainment",0.715,0.887,11,-1.956,0,0.0637,0.0441,0,0.317,0.369,124.91,4
spotify:track:0Qzs7eyyx6Il1qkA4wqUHm,"Violeta","HEART*IZ","IZ*ONE",2019-04-01,200912,59,false,giovani.lightz,2026-01-12T00:13:48Z,"k-pop","Genie Music Corporation",0.712,0.885,7,-2.96,1,0.0605,0.00391,0,0.105,0.661,115.009,4
spotify:track:2w73ndPml1xSxktTVgyngE,"Airplane","HEART*IZ","IZ*ONE",2019-04-01,183951,45,false,giovani.lightz,2026-05-07T23:53:19Z,"k-pop","Genie Music Corporation",0.63,0.96,6,-2.354,1,0.0661,0.347,0,0.0979,0.835,165.067,4
spotify:track:3WfaJhCL4p2JbdffJjV6Va,"La Vie en Rose","COLOR*IZ","IZ*ONE",2018-10-29,218993,65,false,giovani.lightz,2026-01-12T00:15:48Z,"k-pop","Genie Music Corporation",0.699,0.907,9,-1.208,0,0.0544,0.0868,0,0.115,0.621,115.978,4
spotify:track:3BWXNAPGGWhCJwsOFolnBB,"Delulu","Delulu Pack","KiiiKiii",2026-01-26,144106,71,false,giovani.lightz,2026-02-05T19:24:59Z,"k-pop","Starship Entertainment",0.717,0.903,11,-3.848,0,0.0534,0.0846,0.123,0.288,0.706,122.004,4
spotify:track:24rDDbSlFY9OHrlJb48CRh,"404 (New Era)","Delulu Pack","KiiiKiii",2026-01-26,179586,79,false,giovani.lightz,2026-02-05T19:25:09Z,"k-pop","Starship Entertainment",0.501,0.519,4,-48.743,1,0.0757,0.658,0.466,0.526,0.00001,140.024,1
spotify:track:2ZV2rFSeDr16cKMuSuXlGA,"UNDERDOGS","Delulu Pack","KiiiKiii",2026-01-26,182546,60,false,giovani.lightz,2026-06-27T22:03:49Z,"k-pop","Starship Entertainment",0.652,0.877,5,-1.842,0,0.0526,0.139,0,0.104,0.734,162.028,4
spotify:track:1UKebM38VLBglFYxLt9nqX,"MUNGNYANG","Delulu Pack","KiiiKiii",2026-01-26,176600,54,false,giovani.lightz,2026-02-07T07:50:06Z,"k-pop","Starship Entertainment",0.748,0.572,0,-6.38,0,0.0371,0.0247,0.00000371,0.361,0.619,131.982,4
spotify:track:3yklxY8pm64CJ3BJSSjvEL,"Dizzy","Delulu Pack","KiiiKiii",2026-01-26,152506,56,false,giovani.lightz,2026-06-27T22:03:46Z,"k-pop","Starship Entertainment",0.806,0.656,8,-5.102,0,0.0641,0.446,0,0.0897,0.449,95.967,4
spotify:track:2TbeNMxvoILVlFjWIx7yL6,"To Me From Me (Prod. TABLO)","Delulu Pack","KiiiKiii",2026-01-26,198000,50,false,giovani.lightz,2026-06-27T22:03:44Z,"k-pop","Starship Entertainment",0.638,0.78,8,-6.967,1,0.0303,0.00887,0.287,0.157,0.652,149.948,4
spotify:track:2bAQsNqdo62T8akkIvWzGl,"RUDE!","RUDE!","Hearts2Hearts",2026-02-20,200000,84,false,giovani.lightz,2026-03-06T01:49:39Z,"k-pop","SM Entertainment",0.78,0.784,6,-4.2,0,0.0893,0.169,0.00000839,0.339,0.467,128.076,4
spotify:track:6jYiHr12NVKLzn0X7K8aSK,"FOCUS","FOCUS - The 1st Mini Album","Hearts2Hearts",2025-10-20,177052,78,false,giovani.lightz,2025-10-30T16:58:51Z,"k-pop","SM Entertainment",0.62,0.88,4,-4.459,0,0.212,0.00491,0.00000101,0.0857,0.725,130.032,4
spotify:track:0jnelJPBaLQcN5IearNmdi,"Apple Pie","FOCUS - The 1st Mini Album","Hearts2Hearts",2025-10-20,186258,71,false,giovani.lightz,2026-01-12T00:06:07Z,"k-pop","SM Entertainment",0.643,0.861,11,-3.751,0,0.0767,0.0335,0,0.129,0.542,109.992,4
spotify:track:6a5ldLz6vKhUKHvQp1HxiN,"Pretty Please","FOCUS - The 1st Mini Album","Hearts2Hearts",2025-10-20,204322,54,false,giovani.lightz,2026-01-12T00:06:04Z,"k-pop","SM Entertainment",0.511,0.821,5,-3.354,0,0.189,0.0545,0,0.113,0.719,204.105,4
spotify:track:5EoV2HmAlkqN1XvsIjOBZZ,"STYLE","STYLE","Hearts2Hearts",2025-06-18,209671,78,false,giovani.lightz,2026-01-12T00:45:49Z,"k-pop","SM Entertainment",0.777,0.839,5,-3.43,1,0.063,0.282,0.00000216,0.152,0.676,127.003,4
spotify:track:3s3Eo4rb6aq3O62g6z6jtZ,"Butterflies","The Chase","Hearts2Hearts",2025-02-24,177228,69,false,giovani.lightz,2026-01-12T00:06:18Z,"k-pop","SM Entertainment",0.67,0.524,1,-5.144,0,0.0316,0.365,0,0.103,0.655,87.998,4
spotify:track:68UrZQUuO3O6eUiD226xHg,"The Chase","The Chase","Hearts2Hearts",2025-02-24,178900,76,false,giovani.lightz,2026-01-12T00:06:22Z,"k-pop","SM Entertainment",0.711,0.734,2,-4.743,1,0.0335,0.161,0.0015,0.0843,0.143,125.946,4
spotify:track:50XP9wds6SrbYd6Ws422ME,"DOPAMINE","RISE","MADEIN",2024-09-03,153426,29,false,giovani.lightz,2026-04-20T02:28:12Z,"k-pop","Genie Music Corporation, Stone Music Entertainment",0.639,0.888,6,-4.128,0,0.0962,0.0636,0,0.509,0.51,112.011,4
spotify:track:5VoO2cXFYThfJatND7cujG,"TIMELINE","RISE","MADEIN",2024-09-03,144973,27,false,giovani.lightz,2026-04-20T02:28:11Z,"k-pop","Genie Music Corporation, Stone Music Entertainment",0.471,0.397,8,-5.602,1,0.0298,0.808,0,0.109,0.31,87.746,4
spotify:track:077jEiOrEal1E7iGANgexy,"Super Obvious","Girl Meets Boy","MADEIN",2026-02-09,196000,39,false,giovani.lightz,2026-04-20T02:28:17Z,"k-pop","Genie Music Corporation, Stone Music Entertainment",0.55,0.845,11,-3.455,0,0.0452,0.0652,0,0.172,0.415,166.007,4
spotify:track:3f5DP1avcKCiDOkJq40Vqf,"PUNG!","Girl Meets Boy","MADEIN",2026-02-09,155000,37,false,giovani.lightz,2026-03-25T21:00:16Z,"k-pop","Genie Music Corporation, Stone Music Entertainment",0.69,0.8,7,-3.552,1,0.0308,0.3,0,0.0648,0.831,97.002,4
spotify:track:1pLMNDbYPRpYy1C5vtl3ke,"LOVE, AFRAID","MADEIN FOREVER","MADEIN",2025-02-14,192386,38,false,giovani.lightz,2026-04-20T02:28:14Z,"k-pop","Genie Music Corporation, Stone Music Entertainment",0.706,0.912,6,-3.845,1,0.143,0.251,0,0.353,0.74,125.036,4
spotify:track:74ylcg32sIFfh8QgL7fW0A,"SATURN","SATURN","MADEIN",2025-02-07,142106,31,false,giovani.lightz,2026-04-20T02:28:15Z,"k-pop","Genie Music Corporation, Stone Music Entertainment",0.482,0.619,1,-6.46,1,0.0758,0.493,0,0.121,0.493,166.321,4
spotify:track:0sTy2p3PUkU55Hda1rAiFq,"Bloom hour","Bloom hour","WJSN",2026-02-25,180000,48,false,giovani.lightz,2026-03-06T01:33:35Z,"k-pop","STARSHIP Entertainment",0.615,0.916,9,-2.841,1,0.128,0.0524,0,0.26,0.45,169.961,4
spotify:track:0tMm4qdhwpC5u5Ncdmgtak,"Night Aviation (The Interpretation of Dreams)","THE PARK IN THE NIGHT part three","GWSN",2019-07-23,185898,40,false,giovani.lightz,2026-02-05T19:17:09Z,"k-pop","MILES",0.643,0.701,4,-4.219,0,0.0357,0.101,0,0.331,0.273,97.017,4
spotify:track:5BzccgT43QUkS3hLVDOtf6,"Distress","<Dall>","ARTMS",2024-05-31,177160,44,false,giovani.lightz,2026-02-05T19:19:31Z,"k-pop","MODHAUS",0.578,0.728,5,-4.59,0,0.0999,0.331,0,0.363,0.721,156.116,4
spotify:track:0FVRskndiDyyoTlBclPfl9,"Butterfly Effect","<Dall>","ARTMS",2024-05-31,206440,50,false,giovani.lightz,2026-05-30T04:23:17Z,"k-pop","MODHAUS",0.658,0.788,3,-5.665,0,0.0405,0.29,0.00000134,0.274,0.352,110.001,4
spotify:track:341FJxTD6VyHpegtFG9Yp3,"Night Drive","Cosmic","Red Velvet",2024-08-01,199626,47,false,giovani.lightz,2026-02-05T19:20:18Z,"k-pop","SM Entertainment",0.644,0.63,3,-6.322,1,0.0506,0.221,0.0000759,0.239,0.464,94.874,4
spotify:track:2H7euNHOF7uADN6dfsWoZa,"Cosmic","Cosmic","Red Velvet",2024-08-01,225864,68,false,giovani.lightz,2025-10-18T00:27:31Z,"k-pop","SM Entertainment",0.718,0.565,1,-4.613,1,0.0537,0.0296,0,0.169,0.654,105.949,4
spotify:track:18VlcIarBGAEAD9KVt3FmE,"Chill Kill","Chill Kill - The 3rd Album","Red Velvet",2023-11-12,214800,55,false,giovani.lightz,2026-03-25T21:05:56Z,"k-pop","Red Velvet (Chill Kill)",0.531,0.747,0,-3.717,1,0.0946,0.0549,0,0.244,0.434,148.039,4
spotify:track:5IAJF7mg2Msmrmdqy6J80K,"Underwater","Chill Kill - The 3rd Album","Red Velvet",2023-11-12,205320,53,false,giovani.lightz,2026-03-25T21:02:42Z,"k-pop","Red Velvet (Chill Kill)",0.589,0.703,11,-5.852,1,0.109,0.281,0,0.134,0.414,135.911,4
spotify:track:7BuFMtIknd3ewai0zhKhqb,"I Just","Perfect Velvet - The 2nd Album","Red Velvet",2017-11-17,188304,47,false,giovani.lightz,2026-06-27T22:04:03Z,"k-pop","SM Entertainment",0.686,0.752,7,-3.442,1,0.0322,0.586,0.00000247,0.364,0.906,149.998,4
spotify:track:5XJEdVQ5jl3C3dFsV7kCTZ,"Kingdom Come","Perfect Velvet - The 2nd Album","Red Velvet",2017-11-17,210162,56,false,giovani.lightz,2026-01-12T00:19:01Z,"k-pop","SM Entertainment",0.572,0.743,5,-3.991,0,0.12,0.235,0.00000593,0.0761,0.678,170.123,4
spotify:track:2oBMZYteeO8DyXV9gDx6Za,"Feel My Rhythm","‘The ReVe Festival 2022 - Feel My Rhythm’","Red Velvet",2022-03-21,210253,65,false,giovani.lightz,2025-10-17T18:34:56Z,"k-pop","SM Entertainment",0.412,0.94,1,-2.171,1,0.215,0.0648,0,0.358,0.423,157.964,4
spotify:track:4ubg38wkWizzLsQwLuE6rM,"In My Dreams","‘The ReVe Festival 2022 - Feel My Rhythm’","Red Velvet",2022-03-21,204760,64,false,giovani.lightz,2025-12-27T10:55:39Z,"k-pop","SM Entertainment",0.652,0.536,1,-4.517,1,0.0283,0.215,0.0066,0.0489,0.179,101.044,3
spotify:track:3CYH422oy1cZNoo0GTG1TK,"Psycho","‘The ReVe Festival’ Finale","Red Velvet",2019-12-23,210560,75,false,giovani.lightz,2025-10-17T18:34:55Z,"k-pop","SM Entertainment",0.664,0.666,8,-2.203,1,0.0446,0.193,0,0.0854,0.405,139.987,4
spotify:track:6SpPr7K4YQ2wp8jU6uOTmQ,"Queendom","Queendom - The 6th Mini Album","Red Velvet",2021-08-16,181760,61,false,giovani.lightz,2025-11-09T02:51:40Z,"k-pop","SM Entertainment",0.695,0.896,5,-1.24,1,0.0847,0.179,0,0.0626,0.508,119.959,4
spotify:track:5HiSc2ZCGn8L3cH3qSwzBT,"러시안 룰렛 Russian Roulette","Russian Roulette - The 3rd Mini Album","Red Velvet",2016-09-07,211243,76,false,giovani.lightz,2025-09-17T22:14:02Z,"k-pop","SM Entertainment",0.726,0.903,7,-2.277,0,0.0357,0.055,0.000225,0.158,0.958,129.986,4
spotify:track:6koMMQlsRWBwHZXdtWxgUk,"7월 7일 One Of These Nights","The Velvet - The 2nd Mini Album","Red Velvet",2016-03-17,261942,52,false,giovani.lightz,2026-03-25T21:06:53Z,"k-pop","SM Entertainment",0.436,0.509,6,-5.161,0,0.0345,0.475,0,0.101,0.11,133.653,4
spotify:track:53qayme5jMFwTb3fF84uv6,"Celebrate","‘The ReVe Festival 2022 - Birthday’","Red Velvet",2022-11-28,164693,45,false,giovani.lightz,2026-06-27T21:55:29Z,"k-pop","SM Entertainment",0.806,0.546,4,-4.242,1,0.0544,0.58,0,0.114,0.305,115.044,4
spotify:track:4OSVR8gq2l3ceJiXNR7iiM,"BYE BYE","‘The ReVe Festival 2022 - Birthday’","Red Velvet",2022-11-28,196079,52,false,giovani.lightz,2026-06-27T21:56:38Z,"k-pop","SM Entertainment",0.72,0.733,11,-3.489,0,0.0806,0.32,0,0.423,0.656,116.129,4
spotify:track:18OjYSOz2ryc2vLmAeG2de,"ZOOM","‘The ReVe Festival 2022 - Birthday’","Red Velvet",2022-11-28,184186,52,false,giovani.lightz,2026-06-27T22:04:16Z,"k-pop","SM Entertainment",0.808,0.809,11,-1.625,0,0.078,0.696,0.0000539,0.163,0.823,89.937,4
spotify:track:4LJgBT9yo0beHlaBesCFEv,"Birthday","‘The ReVe Festival 2022 - Birthday’","Red Velvet",2022-11-28,216440,52,false,giovani.lightz,2026-06-27T21:55:34Z,"k-pop","SM Entertainment",0.645,0.864,10,-2.065,0,0.0538,0.0486,0,0.0491,0.673,149.949,4
spotify:track:5GKwq4sO5ZHKuWaDmdwMQc,"Bad Boy","The Perfect Red Velvet - The 2nd Album Repackage","Red Velvet",2018-01-29,210817,74,false,giovani.lightz,2025-11-10T21:19:30Z,"k-pop","SM Entertainment",0.714,0.736,2,-3.801,1,0.0457,0.191,0,0.0553,0.814,149.985,4
spotify:track:2xeaHUnzzT5Kc974OQt1kA,"SHOOT!","GUESS WHO","ITZY",2021-04-30,139213,57,false,giovani.lightz,2026-01-12T01:11:45Z,"k-pop","Republic Records - ITZY",0.852,0.762,6,-4.448,0,0.0487,0.333,0.00000166,0.159,0.907,131.958,4
spotify:track:3H82Jpo0SI3UvWP6Ol8mWn,"Motto","Motto","ITZY",2026-05-18,193000,70,false,giovani.lightz,2026-05-30T04:17:38Z,"k-pop","Republic Records - ITZY",0.625,0.901,11,-3.246,0,0.0981,0.00892,0,0.197,0.692,123.961,4
spotify:track:6TbXz1MgW9Kzkox3yzhl1t,"Pocket (YEJI)","Motto","ITZY",2026-05-18,143000,55,false,giovani.lightz,2026-05-30T04:17:52Z,"k-pop","Republic Records - ITZY",0.75,0.936,1,-2.342,1,0.104,0.0618,0,0.217,0.835,102.98,4
spotify:track:0EUxIlcUJfhL0XtifO4EuO,"Asylum (LIA)","Motto","ITZY",2026-05-18,215000,55,false,giovani.lightz,2026-05-30T04:17:56Z,"k-pop","Republic Records - ITZY",0.495,0.737,5,-4.808,1,0.0403,0.0485,0,0.113,0.199,92.113,4
spotify:track:0k6xjejW4lxkoEhfyoBNg8,"Tangerine (YUNA)","Motto","ITZY",2026-05-18,198000,52,false,giovani.lightz,2026-05-30T04:17:59Z,"k-pop","Republic Records - ITZY",0.607,0.839,1,-2.75,1,0.037,0.253,0,0.197,0.577,122.041,4
spotify:track:6UTxz9i5tj5aWKqGfzDPO5,"Undefined (CHAERYEONG)","Motto","ITZY",2026-05-18,160000,52,false,giovani.lightz,2026-05-30T04:18:03Z,"k-pop","Republic Records - ITZY",0.731,0.743,6,-3.307,1,0.0373,0.0144,0,0.0826,0.636,92.117,4
spotify:track:4e94KIas5maH8RixY26LiN,"Run Away (RYUJIN)","BORN TO BE","ITZY",2024-01-08,216893,48,false,giovani.lightz,2026-05-30T03:50:05Z,"k-pop","Republic Records - ITZY",0.729,0.663,7,-4.022,0,0.0801,0.116,0.00000134,0.125,0.827,160.09,4
spotify:track:1GUOz1gZZTRWkGjwmrIYO8,"Blossom (LIA)","BORN TO BE","ITZY",2024-01-08,194080,46,false,giovani.lightz,2026-05-30T03:50:07Z,"k-pop","Republic Records - ITZY",0.634,0.701,1,-3.968,1,0.0836,0.0948,0,0.335,0.697,86.031,4
spotify:track:7us3VPvRjtjuMEexfyRsMC,"Crown On My Head (YEJI)","BORN TO BE","ITZY",2024-01-08,192893,48,false,giovani.lightz,2026-05-30T03:50:08Z,"k-pop","Republic Records - ITZY",0.63,0.868,1,-2.908,0,0.102,0.00598,0,0.0572,0.71,158.027,4
spotify:track:0vVjP9MvzcaGdy2gKgbGcb,"Mine (CHAERYEONG)","BORN TO BE","ITZY",2024-01-08,168360,46,false,giovani.lightz,2026-05-30T03:50:09Z,"k-pop","Republic Records - ITZY",0.738,0.749,5,-3.46,0,0.0452,0.0147,0,0.332,0.744,123.99,4
spotify:track:06BeeZaS4YArThfTMu80QS,"Imaginary Friend","GOLD","ITZY",2024-10-15,202429,65,false,giovani.lightz,2026-01-27T19:41:36Z,"k-pop","Republic Records - ITZY",0.702,0.869,6,-3.533,0,0.0442,0.206,0,0.11,0.802,134.073,4
spotify:track:4up1PhmyktR9JM0fBYOF1D,"FIVE","GOLD","ITZY",2024-10-15,201053,50,false,giovani.lightz,2026-03-06T01:29:32Z,"k-pop","Republic Records - ITZY",0.735,0.888,7,-2.954,1,0.0784,0.245,0,0.182,0.655,129.963,4
spotify:track:1jtfWC6YrXQPmMfj4oKZNJ,"UNTOUCHABLE (Final Ver.)","GOLD","ITZY",2024-10-15,194080,48,false,giovani.lightz,2026-03-06T01:36:01Z,"k-pop","Republic Records - ITZY",0.741,0.909,0,-3.114,0,0.148,0.228,0,0.0947,0.63,105.01,4
spotify:track:7JCqPcuh7mD6DSvRhK1UGC,"Mr. Vampire (Final Ver.)","GOLD","ITZY",2024-10-15,170080,46,false,giovani.lightz,2026-05-30T03:50:04Z,"k-pop","Republic Records - ITZY",0.629,0.792,0,-3.821,1,0.109,0.44,0,0.647,0.545,173.847,4
spotify:track:4pspYVQGFHLPEFgQPD1J7e,"WANNABE","IT'z ME","ITZY",2020-03-09,191242,72,false,giovani.lightz,2026-05-30T04:11:09Z,"k-pop","Republic Records - ITZY",0.809,0.911,6,-4.41,0,0.0617,0.00795,0.000179,0.181,0.64,122.035,4
spotify:track:0q1NTsO5b93R97JdQxtFGx,"THAT’S A NO NO","IT'z ME","ITZY",2020-03-09,180180,72,false,giovani.lightz,2026-03-11T17:56:51Z,"k-pop","Republic Records - ITZY",0.778,0.924,2,-4.915,1,0.0788,0.0151,0.0000193,0.183,0.776,120.048,4
spotify:track:3LL2Bw533l1dWZAamY9rR3,"Not Shy","Not Shy","ITZY",2020-08-17,177728,53,false,giovani.lightz,2026-05-07T23:49:14Z,"k-pop","WM Japan",0.776,0.911,2,-3.08,0,0.131,0.155,0.00000259,0.268,0.56,101.027,4
spotify:track:2qWIeuIxVJglnWWsDpyhfU,"RINGO","RINGO","ITZY",2023-09-27,209000,51,false,giovani.lightz,2026-05-07T23:52:40Z,"k-pop","WM Japan",0.78,0.921,4,-2.382,0,0.0796,0.139,0,0.347,0.828,119.998,4
spotify:track:7e65OAe9L0xWPSHDiahjQe,"Voltage","Voltage","ITZY",2022-03-23,221360,46,false,giovani.lightz,2026-04-20T02:28:00Z,"k-pop","WM Japan",0.752,0.896,5,-2.769,0,0.0714,0.043,0,0.104,0.384,107.002,4
spotify:track:5Xik9Cid9UnaLMOyaDYO8F,"Psychic Lover","KILL MY DOUBT","ITZY",2023-07-31,164453,49,false,giovani.lightz,2026-05-30T04:17:30Z,"k-pop","Republic Records - ITZY",0.64,0.845,11,-3.079,0,0.225,0.231,0,0.0601,0.606,173.94,4
spotify:track:6iYfUvWNdKulAgX2TOhk5u,"None of My Business","KILL MY DOUBT","ITZY",2023-07-31,202160,51,false,giovani.lightz,2026-05-30T04:17:25Z,"k-pop","Republic Records - ITZY",0.769,0.781,0,-3.557,1,0.0823,0.539,0,0.445,0.6,97.99,4
spotify:track:3i7Z0CI7QIwnU4MVL0XJB9,"Kill Shot","KILL MY DOUBT","ITZY",2023-07-31,136866,49,false,giovani.lightz,2026-03-06T01:54:17Z,"k-pop","Republic Records - ITZY",0.719,0.79,1,-4.781,0,0.113,0.136,0.0000022,0.169,0.81,100.106,4
spotify:track:4iKAWtEPSuXiVTPCzlemW2,"Girls Will Be Girls - Rock Remix","Girls Will Be Girls (Remixes)","ITZY",2025-06-13,147000,38,false,giovani.lightz,2026-03-06T01:35:40Z,"k-pop","Republic Records - ITZY",0.503,0.651,1,-2.68,1,0.0308,0.000618,0,0.0513,0.21,130.082,4
spotify:track:4VdEbMZUwvUqTK9ezuRwcc,"Kiss & Tell","Girls Will Be Girls","ITZY",2025-06-09,166040,54,false,giovani.lightz,2026-05-07T23:56:32Z,"k-pop","Republic Records - ITZY",0.756,0.865,2,-3.54,1,0.134,0.0514,0,0.22,0.55,129.972,4
spotify:track:56Yxkm62GtEpnPyG7TvwLY,"LOCO","CRAZY IN LOVE","ITZY",2021-09-24,191462,69,false,giovani.lightz,2025-10-22T03:16:32Z,"k-pop","Republic Records - ITZY",0.759,0.886,1,-3.067,1,0.187,0.0103,0.0000204,0.342,0.489,102.065,4
spotify:track:5xCiLM4z1C40vHKM9r2xJ1,"TUNNEL VISION","TUNNEL VISION","ITZY",2025-11-10,185000,65,false,giovani.lightz,2025-12-27T10:28:01Z,"k-pop","Republic Records - ITZY",0.785,0.767,1,-5.571,1,0.0646,0.00207,0.000679,0.357,0.484,106.96,4
spotify:track:3iAtpszszJ9PzFxnJmCfYF,"Nocturne","TUNNEL VISION","ITZY",2025-11-10,194000,51,false,giovani.lightz,2026-04-20T02:28:05Z,"k-pop","Republic Records - ITZY",0.637,0.674,8,-7.289,1,0.133,0.0446,0.000049,0.323,0.704,171.928,4
spotify:track:3adxy9gOQN6hHNc2IMDRKo,"Chain","We are","i-dle",2025-05-19,189373,49,false,giovani.lightz,2026-04-20T02:31:45Z,"k-pop","BMG Rights Management (US) LLC",0.716,0.661,0,-6.972,0,0.0297,0.0498,0.000661,0.103,0.127,114.986,4
spotify:track:0b4CYurHJcazTtxNpE2OBG,"HIDE AND SEEK","HIDE AND SEEK","i-dle",2026-04-22,198000,61,false,giovani.lightz,2026-05-07T23:53:53Z,"k-pop","WM Japan",0.733,0.919,2,-3.365,1,0.0907,0.0416,0,0.4,0.801,129.988,4
spotify:track:1OBb2wZMXKNmtdyyejLIyL,"Uh-Oh","Uh-Oh","i-dle",2019-06-26,207600,58,false,giovani.lightz,2025-12-27T15:33:31Z,"k-pop","Universal Music LLC",0.781,0.814,11,-3.315,0,0.0648,0.0586,0,0.118,0.782,92.037,4
spotify:track:40OyiVO9NtBg9R2Gpwxs3u,"LION","I trust","i-dle",2020-04-06,210973,62,false,giovani.lightz,2026-01-20T04:28:59Z,"k-pop","Universal Music LLC",0.741,0.715,4,-5.206,0,0.034,0.0318,0,0.121,0.187,109.989,4
spotify:track:5SMCAxhCBEWzT3kKxQinsk,"Paradise","I feel","i-dle",2023-05-15,189066,51,false,giovani.lightz,2026-05-30T04:19:15Z,"k-pop","Cube Entertainment",0.526,0.798,0,-3.224,0,0.0703,0.0691,0,0.165,0.336,98.463,4
spotify:track:3xtPQCHJQ3o70PeVAaZSG2,"Queencard","I feel","i-dle",2023-05-15,161240,76,false,giovani.lightz,2025-12-21T07:34:53Z,"k-pop","Cube Entertainment",0.819,0.832,4,-2.817,0,0.0479,0.0315,0.000154,0.273,0.669,129.981,4
spotify:track:7N1X5WzBTCoDh4ocuPlZUC,"Nxde","I love","i-dle",2022-10-17,178453,75,false,giovani.lightz,2025-12-21T07:42:38Z,"k-pop","Cube Entertainment",0.728,0.912,0,-1.961,1,0.165,0.0388,0.0000103,0.473,0.651,136.059,4
spotify:track:0q6boCcLaWYPIy2vOsksFg,"Senorita","I made","i-dle",2019-02-26,197616,57,false,giovani.lightz,2026-01-20T16:07:26Z,"k-pop","CUBE ENTERTAINMENT",0.782,0.808,0,-3.139,1,0.0362,0.0159,0.0000433,0.331,0.42,120.021,4
spotify:track:5L7MoCA875qqRJoKnGCxkE,"TOMBOY","I NEVER DIE","i-dle",2022-03-14,174386,71,false,giovani.lightz,2026-01-20T04:17:48Z,"k-pop","Cube Entertainment",0.756,0.871,1,-2.414,0,0.0935,0.00961,0,0.0918,0.644,124.04,4
spotify:track:2qYdsdgdeMLFzpLcMQWG2W,"HANN (Alone in winter)","I burn","i-dle",2021-01-11,175040,48,false,giovani.lightz,2026-01-20T15:58:35Z,"k-pop","Universal Music LLC",0.474,0.429,3,-6.363,0,0.0349,0.814,0,0.105,0.303,179.855,3
spotify:track:7GDgpad2BQVuDUzaxHFakc,"LIKE THAT","BABYMONS7ER","BABYMONSTER",2024-04-01,168358,76,false,giovani.lightz,2025-11-17T06:24:44Z,"k-pop","YG Entertainment",0.871,0.5,11,-8.675,0,0.103,0.32,0.00000349,0.0672,0.76,101.959,4
spotify:track:198zDKzyktXRG1PGpidY9h,"DRIP","DRIP","BABYMONSTER",2024-11-01,180845,79,false,giovani.lightz,2025-11-17T06:24:17Z,"k-pop","YG Entertainment",0.862,0.687,6,-5.215,1,0.0702,0.065,0,0.0862,0.704,119.972,4
spotify:track:5Mysty4YeFTdu2Xm7O2yHM,"Love, Maybe","DRIP","BABYMONSTER",2024-11-01,187895,63,false,giovani.lightz,2026-04-20T02:16:48Z,"k-pop","YG Entertainment",0.756,0.369,3,-6.69,0,0.034,0.776,0,0.107,0.5,96.92,3
spotify:track:3entdIWiOuQfcXIkJEABsV,"Really Like You","DRIP","BABYMONSTER",2024-11-01,197657,73,false,giovani.lightz,2025-12-08T21:20:21Z,"k-pop","YG Entertainment",0.828,0.587,5,-5.936,0,0.0488,0.152,0,0.524,0.798,97.018,4
spotify:track:0QICKhP44TRnb4EurQ3tN9,"BILLIONAIRE","DRIP","BABYMONSTER",2024-11-01,157179,72,false,giovani.lightz,2025-11-17T06:24:32Z,"k-pop","YG Entertainment",0.951,0.632,5,-5.029,0,0.0839,0.226,0.00000366,0.103,0.695,104.961,4
spotify:track:49DTiFx70EuJLV7hDsCo6z,"WE GO UP","WE GO UP","BABYMONSTER",2025-10-10,186973,77,false,giovani.lightz,2025-12-01T18:13:30Z,"k-pop","YG Entertainment",0.678,0.718,4,-4.317,0,0.158,0.012,0,0.274,0.491,167.955,4
spotify:track:7jp2VW62Yt2bDOaRas3hR6,"PSYCHO","WE GO UP","BABYMONSTER",2025-10-10,195409,78,false,giovani.lightz,2025-11-27T00:19:47Z,"k-pop","YG Entertainment",0.824,0.774,5,-5.095,0,0.0466,0.0659,0,0.253,0.389,127.912,4
spotify:track:5S0QxfYABBoLI4sMk2aCa2,"SUPA DUPA LUV","WE GO UP","BABYMONSTER",2025-10-10,172573,69,false,giovani.lightz,2025-12-20T14:04:03Z,"k-pop","YG Entertainment",0.816,0.675,1,-6.352,0,0.0412,0.208,0,0.114,0.367,128.041,4
spotify:track:3IelG5zYpWWCZIH4cqWlPV,"SHOOTING STAR","SHOOTING STAR","XG",2023-01-25,203556,70,false,giovani.lightz,2026-01-27T18:22:45Z,"k-pop","XGALX",0.625,0.712,2,-5.996,1,0.0539,0.0229,0,0.252,0.398,163.015,4
spotify:track:3v5o91PrUtf0nmO6j8J7dZ,"LEFT RIGHT","SHOOTING STAR","XG",2023-01-25,208065,72,false,giovani.lightz,2026-01-27T18:23:03Z,"k-pop","XGALX",0.767,0.721,1,-5.586,1,0.0456,0.153,0.00000152,0.108,0.884,150.065,4
spotify:track:748Uvc654IhPLrmiBGlPhd,"GALA","THE CORE - 核","XG",2026-01-23,227175,67,false,giovani.lightz,2026-02-05T19:27:09Z,"k-pop","XGALX",0.805,0.867,6,-5.577,0,0.11,0.0484,0,0.464,0.374,130.971,4
spotify:track:3fEX9NgOeklq816Fw00uoo,"HYPNOTIZE","THE CORE - 核","XG",2026-01-23,170625,75,false,giovani.lightz,2026-01-27T18:37:30Z,"k-pop","XGALX",0.689,0.867,10,-5.623,0,0.0408,0.104,0.0000556,0.0726,0.765,128,4
spotify:track:49EywdY1mHFj27OY7U8Y2d,"MAGO","回:Walpurgis Night","GFRIEND",2020-11-09,199133,67,false,giovani.lightz,2025-10-29T05:42:31Z,"k-pop","SOURCE MUSIC",0.623,0.824,6,-3.656,0,0.0384,0.00623,0.000933,0.145,0.658,120.035,4
spotify:track:172opQClbayrSqlAEqPadC,"Apple","回:Walpurgis Night","GFRIEND",2020-11-09,207251,54,false,giovani.lightz,2026-05-07T23:48:26Z,"k-pop","SOURCE MUSIC",0.641,0.929,9,-4.88,1,0.16,0.0157,0,0.121,0.234,119.965,4
spotify:track:75vepksethG7GrRn815ZYH,"Rough","SNOWFLAKE","GFRIEND",2016-01-25,209104,67,false,giovani.lightz,2026-04-20T02:10:29Z,"k-pop","SOURCE MUSIC",0.614,0.912,8,-2.465,1,0.0367,0.152,0,0.111,0.741,112.006,4
spotify:track:7LFwi4RolcCPnVEXXXVfQP,"Season of Memories","Season of Memories","GFRIEND",2025-01-05,186558,58,false,giovani.lightz,2026-05-30T03:50:03Z,"k-pop","SOURCE MUSIC",0.692,0.871,8,-3.173,1,0.061,0.0169,0,0.0576,0.76,130.018,4
spotify:track:31ihTxEFH8iLwYuXiXTyK8,"Sunrise","Time for us","GFRIEND",2019-01-14,216487,57,false,giovani.lightz,2026-04-20T02:19:44Z,"k-pop","SOURCE MUSIC",0.447,0.852,6,-1.35,0,0.126,0.411,0,0.101,0.589,173.915,4
spotify:track:49JZ28GqM8gtQ3iDnnra5U,"Full Moon","The 5th Mini Album 'VOYAGE'","VIVIZ",2024-11-07,133893,38,false,giovani.lightz,2026-05-30T04:15:07Z,"k-pop","BIGPLANETMADE",0.669,0.7,10,-4.134,1,0.0936,0.314,0,0.127,0.619,82.53,4
spotify:track:35ZccqI4iHVR0puhGc1u0U,"MANIAC","The 4th Mini Album 'VERSUS'","VIVIZ",2023-11-02,195520,66,false,giovani.lightz,2026-01-27T18:56:24Z,"k-pop","BIGPLANETMADE",0.755,0.575,9,-4.521,1,0.0705,0.189,0,0.0978,0.808,114.962,4
spotify:track:7sGf2pzXXjDftDJ4ukbep5,"Untie","The 4th Mini Album 'VERSUS'","VIVIZ",2023-11-02,189413,50,false,giovani.lightz,2026-05-30T04:16:48Z,"k-pop","BIGPLANETMADE",0.619,0.601,7,-4.931,0,0.185,0.0417,0.000025,0.0841,0.645,113.854,4
spotify:track:2AwqzgFzSptWquSdz5qCPX,"BOP BOP!","The 1st Mini Album 'Beam Of Prism'","VIVIZ",2022-02-09,219933,53,false,giovani.lightz,2026-05-30T04:16:58Z,"k-pop","BIGPLANETMADE, SWING ENTERTAINMENT",0.686,0.832,0,-2.849,1,0.0936,0.075,0,0.128,0.747,126.125,4
spotify:track:6l0bVqiuv0HE7FxUG1TOkA,"La La Love Me","The 1st Album 'A Montage of ( )'","VIVIZ",2025-07-08,185026,51,false,giovani.lightz,2026-05-30T04:16:53Z,"k-pop","BIGPLANETMADE",0.722,0.812,0,-3.52,1,0.095,0.264,0,0.0886,0.771,124.018,4
spotify:track:0Aa9I95cft2JJB1g7dmhNZ,"DALALA","DALALA","YUJU",2023-09-20,189813,40,false,giovani.lightz,2025-11-15T16:34:19Z,"k-ballad","ADA Korea",0.811,0.828,11,-2.711,0,0.0338,0.0856,0,0.106,0.89,115.982,4
spotify:track:1rI6UoQ0inYyt8GL7tXR8l,"Turning Tables (MINA)","PLAY","MISAMO",2026-02-04,167066,50,false,giovani.lightz,2026-05-30T04:19:47Z,"k-pop","WM Japan",0.697,0.893,10,-3.083,0,0.06,0.0665,0.00000217,0.158,0.698,101.996,4
spotify:track:1w6b63TmaXFk1jhPOY0FkY,"Do not touch","Do not touch","MISAMO",2023-07-14,185600,58,false,giovani.lightz,2025-11-17T06:32:50Z,"k-pop","WM Japan",0.72,0.787,3,-4.54,0,0.188,0.137,0,0.0418,0.842,149.972,4
spotify:track:6mqwWU2oVsoL83VRpf4vmS,"Sad Saltiness","The Legend of Kitchen Soldier, Pt. 3 (Original Soundtrack)","ANYUJIN",2026-06-02,193000,41,false,giovani.lightz,2026-06-27T22:08:02Z,"","Genie Music Corporation, Stone Music Entertainment",0.51,0.964,10,-3.293,0,0.119,0.0201,0,0.346,0.823,188.008,4
spotify:track:0KAe8Hh67OXolVlcsZDCIy,"Dreaming","Dreaming : WEBTOON 'The Great X ANYUJIN (IVE)","ANYUJIN",2024-11-12,203026,45,false,giovani.lightz,2026-04-01T19:58:03Z,"","Kakao Entertainment",0.4,0.638,2,-5.33,1,0.0287,0.0286,0,0.127,0.512,170.029,3
spotify:track:086PZ9r1W6iNjZyL8qOqTS,"DOWN (Juicy Juicy)","See You in My 19th Life, Pt. 3 (Original Television Soundtrack)","JO YURI",2023-07-02,206064,55,false,giovani.lightz,2026-05-30T04:27:00Z,"k-pop","Genie Music Corporation",0.765,0.768,8,-3.268,1,0.0411,0.0522,0,0.186,0.897,112.093,4
spotify:track:4N9ges2SfrZcvO7J1zj2EH,"Farewell for now!","Episode 25","JO YURI",2025-07-14,207026,49,false,giovani.lightz,2026-05-30T04:26:42Z,"k-pop","Genie Music Corporation, Stone Music Entertainment",0.414,0.846,11,-3.747,1,0.0432,0.0749,0,0.193,0.48,183.991,4
spotify:track:3CFmepUeldD3h37t2ipSwH,"Growls and Purrs","Episode 25","JO YURI",2025-07-14,199026,36,false,giovani.lightz,2026-05-30T03:49:58Z,"k-pop","Genie Music Corporation, Stone Music Entertainment",0.605,0.813,7,-5.756,1,0.0907,0.685,0.0000057,0.0797,0.722,158.018,4
spotify:track:6BMNPNij62XvOMQF5BPGym,"HICCUP","Episode 25","JO YURI",2025-07-14,195000,43,false,giovani.lightz,2026-05-30T04:26:36Z,"k-pop","Genie Music Corporation, Stone Music Entertainment",0.734,0.841,11,-4.539,0,0.0353,0.1,0,0.127,0.617,105.019,4
spotify:track:18pfFeYgRbPa9xNdRf4oJi,"Overkill","Episode 25","JO YURI",2025-07-14,158013,39,false,giovani.lightz,2026-05-30T04:26:32Z,"k-pop","Genie Music Corporation, Stone Music Entertainment",0.663,0.649,7,-4.758,1,0.0292,0.131,0.00000288,0.357,0.328,107.935,4
spotify:track:5ucHz8O4XCT1BmR5OfxbhM,"Can You Feel My Heart","The Law Cafe (Original Television Soundtrack), Pt.2","JO YURI",2022-09-13,209413,31,false,giovani.lightz,2026-06-27T22:10:52Z,"k-pop","MOST CONTENTS",0.403,0.422,4,-6.748,1,0.0303,0.759,0,0.186,0.309,130.348,4
spotify:track:1WACArKm987xYhEAiuetlx,"Spring days pass","Jeongnyeon: The Star is Born, Pt. 3 : Spring days pass (Original Soundtrack)","JO YURI",2024-10-27,201320,28,false,giovani.lightz,2026-05-30T04:26:26Z,"k-pop","Genie Music Corporation",0.216,0.224,10,-11.013,0,0.0345,0.822,0.0000192,0.0949,0.211,184.232,3
spotify:track:4HYE53zctOgA3qoBdDGxup,"Bitter Taste","LOVE ALL","JO YURI",2023-08-09,168986,40,false,giovani.lightz,2026-05-30T04:26:04Z,"k-pop","Genie Music Corporation, Stone Music Entertainment",0.742,0.715,1,-3.699,1,0.0374,0.00245,0,0.143,0.712,94.983,4
spotify:track:4cNc2Y2hRTWgaJNBQLXdAV,"Hang On","LOVE ALL","JO YURI",2023-08-09,186466,37,false,giovani.lightz,2026-05-30T04:26:07Z,"k-pop","Genie Music Corporation, Stone Music Entertainment",0.782,0.598,10,-6.063,1,0.135,0.367,0,0.0526,0.573,98.096,4
spotify:track:58duEkcD27AoaIGCt3X8I8,"Bruise","LOVE ALL","JO YURI",2023-08-09,163760,34,false,giovani.lightz,2026-06-27T22:10:39Z,"k-pop","Genie Music Corporation, Stone Music Entertainment",0.411,0.238,8,-7.555,1,0.0289,0.934,0,0.106,0.243,142.917,3
spotify:track:6LezRpxJ871VNvutDEXrBw,"Yellow Circle","Yellow Circle","채수빈;JO YURI",2023-05-24,182773,34,false,giovani.lightz,2026-05-30T04:25:45Z,"k-pop","STARSHIP ENTERTAINMENT",0.8,0.732,7,-3.745,1,0.0408,0.0349,0,0.124,0.286,120.011,4
spotify:track:1McWd1iOZjwhof6OA7SpDZ,"Autumn Memories (with Lee Seok Hoon)","Autumn Memories","JO YURI;Lee Seok Hoon",2021-09-23,238066,33,false,giovani.lightz,2026-06-27T22:10:58Z,"k-pop,k-ballad","Genie Music Corporation, Stone Music Entertainment",0.482,0.683,8,-4.348,1,0.0344,0.514,0,0.252,0.343,132.031,4
spotify:track:6qEXwx6cAeAviG5UCz1iMd,"Run - Female Version","The Fabulous, Pt. 2 (Original Soundtrack from the Netflix Series)","JO YURI",2022-12-23,226012,31,false,giovani.lightz,2026-05-30T04:25:40Z,"k-pop","Genie Music Corporation, Stone Music Entertainment",0.499,0.45,1,-6.049,1,0.0273,0.626,0.00000393,0.194,0.279,134.001,4
spotify:track:087TC6IfJ8z7fBItvglRRs,"Loveable","Op.22 Y-Waltz : in Minor","JO YURI",2022-10-24,176253,42,false,giovani.lightz,2026-06-27T22:12:03Z,"k-pop","Genie Music Corporation, Stone Music Entertainment",0.746,0.559,1,-4.556,1,0.0473,0.199,0,0.0455,0.734,92.933,4
spotify:track:1iYtfSh97ddhPCprficZ8s,"Blank","Op.22 Y-Waltz : in Minor","JO YURI",2022-10-24,187440,38,false,giovani.lightz,2026-05-30T04:25:29Z,"k-pop","Genie Music Corporation, Stone Music Entertainment",0.681,0.787,0,-2.745,1,0.0435,0.358,0,0.102,0.591,140.035,4
spotify:track:1h7S5xFqtKsh4Lqy2UInH9,"Round and Around","Op.22 Y-Waltz : in Major","JO YURI",2022-06-02,79573,51,false,giovani.lightz,2026-05-30T04:24:56Z,"k-pop","Genie Music Corporation, Stone Music Entertainment",0.505,0.694,7,-3.58,0,0.134,0.538,0,0.476,0.952,200.091,3
spotify:track:00vy9aiFjxMfnKniQAYzrC,"Love Shhh!","Op.22 Y-Waltz : in Major","JO YURI",2022-06-02,199066,49,false,giovani.lightz,2026-05-30T04:26:52Z,"k-pop","Genie Music Corporation, Stone Music Entertainment",0.724,0.921,9,-1.489,1,0.0786,0.0709,0,0.121,0.748,118.008,4
spotify:track:2AIcJq9oB6S7SmEXE82k5a,"Rolla Skates","Op.22 Y-Waltz : in Major","JO YURI",2022-06-02,179173,42,false,giovani.lightz,2026-05-30T04:24:53Z,"k-pop","Genie Music Corporation, Stone Music Entertainment",0.771,0.786,10,-2.759,1,0.0694,0.384,0,0.0774,0.839,153.082,4
spotify:track:0jZ1yBT6Mejtf4ZX5yLzPW,"This Time","Op.22 Y-Waltz : in Major","JO YURI",2022-06-02,225986,33,false,giovani.lightz,2026-05-30T04:24:44Z,"k-pop","Genie Music Corporation, Stone Music Entertainment",0.555,0.435,3,-6.995,1,0.0287,0.741,0,0.188,0.407,130.109,4
spotify:track:240IojLhY7IkkArXOV1n7S,"Opening","Op.22 Y-Waltz : in Major","JO YURI",2022-06-02,209600,36,false,giovani.lightz,2026-05-30T04:24:48Z,"k-pop","Genie Music Corporation, Stone Music Entertainment",0.56,0.356,8,-5.795,0,0.0299,0.512,0,0.0969,0.311,115.721,3
spotify:track:6PFfx4sEBWPuFqFB0mgX1D,"GLASSY","GLASSY","JO YURI",2021-10-07,189933,55,false,giovani.lightz,2026-05-08T22:03:07Z,"k-pop","Genie Music Corporation, Stone Music Entertainment",0.723,0.725,6,-3.815,1,0.0551,0.23,0,0.0683,0.731,125.048,4
spotify:track:3n2FfnO1tjMxyWHofqKX7S,"Express Moon","GLASSY","JO YURI",2021-10-07,185213,48,false,giovani.lightz,2026-05-07T23:54:52Z,"k-pop","Genie Music Corporation, Stone Music Entertainment",0.731,0.502,2,-5.843,1,0.0496,0.735,0,0.337,0.321,120.089,3
spotify:track:6KiEF5zqzHiFjzdm8gChz7,"KNOCK","Over The Moon","LEE CHAEYEON",2023-04-12,173080,15,false,giovani.lightz,2026-01-12T01:03:21Z,"k-pop","Genie Music Corporation, Stone Music Entertainment",0.81,0.734,9,-1.784,1,0.035,0.000545,0.00000625,0.055,0.935,138.945,4
spotify:track:1LN9XD8fstMDvgI8RM4lpx,"No Tears On The Dancefloor","Till I Die","LEE CHAEYEON",2026-04-28,150000,57,false,giovani.lightz,2026-05-07T23:43:50Z,"k-pop","Universal Music Ltd. Distributed Labels",0.682,0.817,0,-3.164,0,0.0445,0.0213,0,0.506,0.819,119.046,4
spotify:track:5uA5Ty4KSS6AMnknGjYlLt,"Know About Me","Till I Die","LEE CHAEYEON",2026-04-28,178000,42,false,giovani.lightz,2026-05-07T23:43:46Z,"k-pop","Universal Music Ltd. Distributed Labels",0.778,0.747,1,-4.313,1,0.0408,0.03,0,0.0467,0.69,107.977,4
spotify:track:3ucWCdHB4QfhMBEdXPSIYe,"I'm Waiting","Till I Die","LEE CHAEYEON",2026-04-28,193000,40,false,giovani.lightz,2026-05-07T23:43:42Z,"k-pop","Universal Music Ltd. Distributed Labels",0.754,0.678,7,-4.84,1,0.0326,0.002,0.0000658,0.302,0.489,122.06,4
spotify:track:2O9bMJticxbQ8FH3NiQ7Xh,"Catch Catch","LOVE CATCHER","YENA",2026-03-11,180000,83,false,giovani.lightz,2026-03-25T21:03:19Z,"k-pop","Genie Music Corporation, Stone Music Entertainment",0.809,0.942,5,-2.712,0,0.0926,0.0203,0.00015,0.0535,0.967,138.011,4
spotify:track:4UwsXGVppRRJpKBHy0mtyK,"NEMONEMO","NEMONEMO","YENA",2024-09-30,178026,68,false,giovani.lightz,2026-05-07T23:46:13Z,"k-pop","Genie Music Corporation, Stone Music Entertainment",0.66,0.885,1,-2.525,1,0.0688,0.0157,0.000445,0.301,0.814,137.993,4
spotify:track:7JduLib0OD7LheLRseXQWE,"WICKED LOVE","HATE XX","YENA",2023-06-27,166560,53,false,giovani.lightz,2026-03-25T21:05:09Z,"k-pop","Genie Music Corporation, Stone Music Entertainment",0.589,0.794,11,-3.101,0,0.0377,0.206,0,0.34,0.945,165.871,4
spotify:track:0mMS5zDs8U6sGCqHBfCoGp,"Good Girls in the Dark","GOOD MORNING","YENA",2024-01-15,192280,49,false,giovani.lightz,2026-06-27T21:57:34Z,"k-pop","Genie Music Corporation, Stone Music Entertainment",0.607,0.842,8,-2.526,0,0.039,0.347,0.00000116,0.248,0.786,89.979,4
spotify:track:6HSns0qPQQfgekCrBF0Dkf,"Air","AIR","YEJI",2025-03-10,194800,60,false,giovani.lightz,2025-11-17T06:34:02Z,"k-pop","Republic Records – YEJI (ITZY)",0.808,0.594,1,-5.525,1,0.0388,0.0165,0.00000253,0.0801,0.477,121.981,4
spotify:track:5xOUBAvwWYyuPmej4iRcVk,"Invasion","AIR","YEJI",2025-03-10,167800,50,false,giovani.lightz,2026-06-27T22:06:59Z,"k-pop","Republic Records – YEJI (ITZY)",0.672,0.696,1,-6.75,0,0.0813,0.209,0.0000225,0.0908,0.619,111.041,4
spotify:track:7JAEbB0pbKm0YBaMWQ0p0A,"Can’t Slow Me, No","AIR","YEJI",2025-03-10,178573,49,false,giovani.lightz,2026-06-27T22:07:01Z,"k-pop","Republic Records – YEJI (ITZY)",0.635,0.89,0,-3.551,1,0.132,0.0386,0,0.0991,0.595,95.041,4
spotify:track:7zlEV72UtYziRK0rFRiIEp,"258","AIR","YEJI",2025-03-10,193040,53,false,giovani.lightz,2026-06-27T22:06:54Z,"k-pop","Republic Records – YEJI (ITZY)",0.503,0.773,1,-5.48,1,0.126,0.09,0,0.234,0.376,115.755,4
spotify:track:5JJl9DV0DAg5ekxnBSqZyO,"Ice Cream","Ice Cream","YUNA",2026-03-23,171000,65,false,giovani.lightz,2026-04-20T02:10:58Z,"k-pop","Republic Records – YUNA (ITZY)",0.787,0.817,1,-3.717,1,0.0484,0.0633,0.00137,0.0751,0.929,142.995,4
spotify:track:10zywlg5b0gQOC3q1A7ADx,"earthquake","AMORTAGE","JISOO",2025-02-14,190806,77,false,giovani.lightz,2026-01-27T19:40:48Z,"k-pop","Warner Records",0.776,0.808,11,-4.652,0,0.056,0.00272,0,0.135,0.605,127.058,4
spotify:track:0CyydmXI4QhgUWrZsPOTXA,"Why Can't You Love Me?","Like Water - The 1st Mini Album","WENDY",2021-04-05,168960,43,false,giovani.lightz,2026-04-20T02:30:02Z,"k-ballad","SM Entertainment",0.644,0.879,5,-1.761,0,0.0689,0.136,0,0.164,0.658,81.025,4
spotify:track:63razyPQswXocUXL3cGJgo,"Biggest Fan","Biggest Fan - The 1st Album","IRENE",2026-03-30,168000,58,false,giovani.lightz,2026-04-20T02:32:20Z,"k-pop","SM Entertainment",0.702,0.832,9,-3.614,1,0.133,0.00147,0.000013,0.231,0.701,128.005,4
spotify:track:2ivhjourUwztR3kmz575KV,"Like A Flower","Like A Flower - The 1st Mini Album","IRENE",2024-11-26,192466,60,false,giovani.lightz,2026-01-27T19:01:05Z,"k-pop","SM Entertainment",0.657,0.915,5,-4.398,1,0.232,0.169,0,0.0853,0.622,123.031,4
spotify:track:4BcqpfIZa8eXNhu5ziEI7v,"Summer Rain","Like A Flower - The 1st Mini Album","IRENE",2024-11-26,211026,48,false,giovani.lightz,2026-06-27T22:01:42Z,"k-pop","SM Entertainment",0.612,0.811,4,-4.882,1,0.111,0.0448,0,0.634,0.538,79.477,4
spotify:track:6c1QaQHdDhtFMfUkhueuXK,"Monster","Monster - The 1st Mini Album","Red Velvet - IRENE & SEULGI",2020-07-06,178413,60,false,giovani.lightz,2026-05-30T04:18:26Z,"k-pop","SM Entertainment",0.631,0.748,4,-2.569,0,0.0488,0.212,0,0.537,0.351,115.665,4
spotify:track:1etiDVN61JMXErlRMia2oR,"TILT","TILT - The 2nd Mini Album","Red Velvet - IRENE & SEULGI",2025-05-26,184013,54,false,giovani.lightz,2026-01-12T01:13:36Z,"k-pop","SM Entertainment",0.708,0.629,7,-4.819,1,0.0627,0.0269,0.000216,0.141,0.469,127.947,4
spotify:track:7jG9ZbkvHVu4VqgvdwPz1f,"Girl Next Door","TILT - The 2nd Mini Album","Red Velvet - IRENE & SEULGI",2025-05-26,173026,47,false,giovani.lightz,2026-05-30T04:23:41Z,"k-pop","SM Entertainment",0.524,0.77,11,-4.83,0,0.144,0.0381,0,0.509,0.462,169.722,4
spotify:track:0P8lbWigAHXPKxUG60xh79,"Naughty","Naughty","Red Velvet - IRENE & SEULGI",2020-07-20,198520,57,false,giovani.lightz,2026-04-01T20:24:41Z,"k-pop","SM Entertainment",0.693,0.759,7,-2.9,1,0.208,0.055,0.00000136,0.116,0.635,112.983,4
spotify:track:6nabHsqIYAKS6Nnfuqauw9,"Baby, Not Baby","Accidentally On Purpose - The 2nd Mini Album","SEULGI",2025-03-10,193040,54,false,giovani.lightz,2025-12-21T07:59:53Z,"k-pop","SM Entertainment",0.633,0.893,10,-3.821,0,0.0686,0.0291,0.00000161,0.0775,0.877,100.048,4
spotify:track:3Utn7kpHOgv7EQG5XmFzY7,"Better Dayz","Accidentally On Purpose - The 2nd Mini Album","SEULGI",2025-03-10,181120,43,false,giovani.lightz,2026-05-30T04:11:53Z,"k-pop","SM Entertainment",0.658,0.73,4,-5.584,0,0.0614,0.0707,0.00000226,0.198,0.622,90.011,4
spotify:track:1tgFUm1rKdUFzqelAe3NE3,"Whatever","Accidentally On Purpose - The 2nd Mini Album","SEULGI",2025-03-10,185333,43,false,giovani.lightz,2026-05-30T04:11:47Z,"k-pop","SM Entertainment",0.454,0.719,4,-4.075,0,0.287,0.0831,0,0.127,0.67,174.737,4
spotify:track:28FSGvQfafhr7oq5vbJOon,"Praying","Accidentally On Purpose - The 2nd Mini Album","SEULGI",2025-03-10,185333,51,false,giovani.lightz,2026-04-20T02:31:43Z,"k-pop","SM Entertainment",0.481,0.557,6,-6.839,0,0.0655,0.0745,0.00238,0.14,0.342,143.866,4
spotify:track:5jz19H6zmUN1TrlFMnVVdf,"Weakness","Accidentally On Purpose - The 2nd Mini Album","SEULGI",2025-03-10,167293,44,false,giovani.lightz,2026-05-30T04:11:59Z,"k-pop","SM Entertainment",0.579,0.665,7,-3.881,1,0.0932,0.675,0.000035,0.114,0.529,151.7,4
spotify:track:6GSdBUjAnJmIjxMAYz5WCa,"BUMPA","BUMPA","BIBI",2026-05-20,218366,73,false,giovani.lightz,2026-05-30T04:05:29Z,"k-pop,k-rap","WM Korea",0.761,0.733,0,-6.485,0,0.113,0.458,0,0.0769,0.893,105.034,4
spotify:track:53x0Yk1qOyurd2MefyF3Ny,"Feeling Lucky","Feeling Lucky","BIBI;Jackson Wang",2024-04-26,151040,58,false,giovani.lightz,2026-06-27T21:55:46Z,"k-pop,k-rap","88rising Music",0.869,0.567,11,-8.727,0,0.07,0.0522,0.000748,0.0732,0.683,124.067,4
spotify:track:0v2Qgk39gLXMIJi6BY34Fz,"The Weekend","The Weekend","88rising;BIBI",2021-10-14,167661,65,true,giovani.lightz,2026-06-27T21:57:24Z,"k-pop,k-rap","88rising Music",0.783,0.523,1,-5.7,1,0.0321,0.0627,0.00000486,0.0963,0.828,101.488,4
spotify:track:5TIwTvdD7OpJBt0tqIWLH3,"Hongdae R&B","Hongdae R&B","BIBI",2023-08-31,182299,44,false,giovani.lightz,2026-06-27T21:55:03Z,"k-pop,k-rap","FeelGhoodMusic",0.81,0.44,4,-8.744,0,0.0507,0.504,0,0.127,0.692,119.977,4
spotify:track:0uXLCWhlJnwPNccIezaaRK,"Best Lover","Head In The Clouds Forever","88rising;BIBI",2022-04-16,152910,56,true,giovani.lightz,2026-06-27T21:57:16Z,"k-pop,k-rap","88rising Music",0.739,0.664,7,-5.393,1,0.273,0.262,0,0.121,0.514,81.996,4
spotify:track:0zPbUxvYRlCGwruakkXPLI,"BAD SAD AND MAD","Life is a Bi…","BIBI",2021-04-28,154988,55,false,giovani.lightz,2026-06-27T21:57:13Z,"k-pop,k-rap","FeelGhoodMusic",0.746,0.558,0,-7.47,0,0.088,0.545,0.00019,0.0904,0.638,90.013,4
spotify:track:245onUPHGD1DYuiacxTuW0,"KAZINO","KAZINO","BIBI",2020-04-29,185946,61,false,giovani.lightz,2026-06-27T21:57:21Z,"k-pop,k-rap","FeelGhoodMusic",0.625,0.686,6,-3.715,0,0.0414,0.139,0,0.11,0.263,133.041,4
spotify:track:0ckwsG6ZF74AbvwvLTVdoi,"Blade","Lowlife Princess: Noir","BIBI",2022-11-17,190568,23,false,giovani.lightz,2026-06-27T21:58:17Z,"k-pop,k-rap","Feel Ghood Music/88risingMusic",0.597,0.76,5,-3.608,0,0.0478,0.00484,0.0081,0.378,0.187,139.983,4
spotify:track:0nS3lmnyaFyXuGVZp5XCqj,"BIBI Vengeance","Lowlife Princess: Noir","BIBI",2022-11-17,165135,69,false,giovani.lightz,2026-06-27T21:58:21Z,"k-pop,k-rap","Feel Ghood Music/88risingMusic",0.442,0.75,11,-4.719,0,0.0909,0.0283,0.000159,0.0628,0.414,99.992,4
spotify:track:48GOc2hFe2mRgupAwmekXU,"MotoSpeed 24","Lowlife Princess: Noir","BIBI",2022-11-17,133904,47,false,giovani.lightz,2026-06-27T21:58:25Z,"k-pop,k-rap","Feel Ghood Music/88risingMusic",0.621,0.598,11,-5.169,1,0.0282,0.317,0.0000224,0.136,0.297,95.008,4
spotify:track:52E1RaEQsm97GgjFQCER9L,"Animal Farm","Lowlife Princess: Noir","BIBI",2022-11-17,203945,51,false,giovani.lightz,2026-06-27T21:58:28Z,"k-pop,k-rap","Feel Ghood Music/88risingMusic",0.611,0.543,5,-4.809,0,0.0317,0.0203,0.00000664,0.591,0.383,108.093,3
spotify:track:7aB96hEkUXT1rd03g3h2LD,"Loveholic's hangover (feat. Sam Kim)","Lowlife Princess: Noir","BIBI;SAM KIM",2022-11-17,168155,41,false,giovani.lightz,2026-06-27T21:58:35Z,"k-pop,k-rap,k-ballad","Feel Ghood Music/88risingMusic",0.815,0.621,2,-5.002,1,0.0527,0.106,0.0439,0.0916,0.223,103.977,4
spotify:track:4CYePsPpExc0jzTYvcUBWl,"Witch Hunt","Lowlife Princess: Noir","BIBI",2022-11-17,104696,22,false,giovani.lightz,2026-06-27T21:58:38Z,"k-pop,k-rap","Feel Ghood Music/88risingMusic",0.758,0.698,9,-6.365,1,0.058,0.0807,0.00000431,0.095,0.706,140.03,4
spotify:track:6Cd9AeuY5TG8tk8Z5OrQzE,"Wet Nightmare","Lowlife Princess: Noir","BIBI",2022-11-17,178314,37,false,giovani.lightz,2026-06-27T21:58:40Z,"k-pop,k-rap","Feel Ghood Music/88risingMusic",0.593,0.505,11,-7.283,0,0.0485,0.0386,0.00755,0.203,0.121,144.221,4
spotify:track:0QC9Ge6PnehmzQAPrah9IZ,"Lowlife Princess","Lowlife Princess: Noir","BIBI",2022-11-17,151742,37,false,giovani.lightz,2026-06-27T21:58:43Z,"k-pop,k-rap","Feel Ghood Music/88risingMusic",0.702,0.602,7,-4.463,1,0.294,0.0496,0.00865,0.123,0.349,180.019,4
spotify:track:4SSBLkeqhiaVqW03Oc8xJD,"JOTTO","Lowlife Princess: Noir","BIBI",2022-11-17,193855,43,false,giovani.lightz,2026-06-27T21:58:45Z,"k-pop,k-rap","Feel Ghood Music/88risingMusic",0.7,0.756,9,-4.161,1,0.0923,0.0318,0,0.24,0.489,104.991,4
spotify:track:7i5ZiBzeWiTBxPSgFgehjy,"City Love","Lowlife Princess: Noir","BIBI",2022-11-17,193770,33,false,giovani.lightz,2026-06-27T21:58:49Z,"k-pop,k-rap","Feel Ghood Music/88risingMusic",0.569,0.776,7,-4.339,0,0.0975,0.0224,0.00481,0.0728,0.446,157.967,4
spotify:track:1RA5sVNyDBboNHDHG73vl8,"My cat","16 Fantasy","Lee Young Ji",2024-06-21,134493,33,false,giovani.lightz,2026-06-27T22:04:26Z,"k-rap,k-pop","MAINSTREAM",0.808,0.685,0,-6.186,1,0.0615,0.355,0,0.22,0.441,94.015,4
spotify:track:1AtFSBJibfaqfiOByQCwZ5,"Small girl (feat. D.O.)","16 Fantasy","Lee Young Ji;D.O.",2024-06-21,189706,53,false,giovani.lightz,2026-06-27T22:04:28Z,"k-rap,k-pop,k-ballad","MAINSTREAM",0.77,0.597,1,-4.901,1,0.223,0.53,0,0.239,0.875,170.022,4
spotify:track:3L35k66dy48LZCty4rOqxM,"Unknown guy","16 Fantasy","Lee Young Ji",2024-06-21,187426,26,false,giovani.lightz,2026-06-27T22:04:31Z,"k-rap,k-pop","MAINSTREAM",0.718,0.619,7,-7.095,1,0.448,0.577,0,0.193,0.622,71.213,4
spotify:track:4RswMuoJPErLTTdpYG5Qb0,"ADHD (feat. Jambino)","16 Fantasy","Lee Young Ji; jambino",2024-06-21,193493,35,false,giovani.lightz,2026-06-27T22:04:34Z,"k-rap,k-pop","MAINSTREAM",0.889,0.558,2,-5.825,1,0.055,0.182,0,0.0437,0.914,92.006,4
spotify:track:4yIt2M4psdz8Bs3RzTi2c2,"TELL ME !","16 Fantasy","Lee Young Ji",2024-06-21,195893,25,false,giovani.lightz,2026-06-27T22:04:37Z,"k-rap,k-pop","MAINSTREAM",0.532,0.931,5,-2.59,1,0.0845,0.344,0,0.175,0.598,162.06,4
spotify:track:6pLYWcPnBdFJShuUARDIwj,"Magic (Feat. JULIE of KISS OF LIFE)","NA","NAYEON;JULIE",2024-06-14,206613,58,false,giovani.lightz,2026-03-06T01:26:17Z,"k-pop","Republic Records – NAYEON (TWICE)",0.776,0.811,11,-3.974,0,0.154,0.196,0,0.278,0.896,113.011,4
spotify:track:0V2passWyAXnON67kfAj7y,"ABCD","NA","NAYEON",2024-06-14,162840,71,false,giovani.lightz,2025-10-29T05:42:37Z,"k-pop","Republic Records – NAYEON (TWICE)",0.682,0.926,3,-2.515,0,0.0607,0.0404,0,0.19,0.86,105.969,4
spotify:track:6QLs06H0H54PPV90ZUVWRE,"ALL OR NOTHING","IM NAYEON","NAYEON",2022-06-24,184800,50,false,giovani.lightz,2026-05-30T04:06:36Z,"k-pop","Republic Records – NAYEON (TWICE)",0.566,0.599,1,-4.134,1,0.296,0.144,0,0.0853,0.923,180.106,3
spotify:track:4Cyf87ul1le0xTWRFBoYd7,"Killin’ Me Good","ZONE","JIHYO",2023-08-18,185920,63,false,giovani.lightz,2025-11-17T06:27:40Z,"k-pop","Republic Records – JIHYO (TWICE)",0.745,0.918,5,-0.683,1,0.0741,0.204,0,0.0449,0.647,111.966,4
spotify:track:2Ti4DCTo6Ag7QvaYex8A8B,"Run Away","abouTZU","TZUYU",2024-09-06,198320,63,false,giovani.lightz,2025-11-24T02:19:55Z,"k-pop","Republic Records – TZUYU (TWICE)",0.761,0.892,5,-2.588,1,0.0717,0.0244,0,0.123,0.592,129.984,4
spotify:track:3WFTUAPrXvqg3SXC0bsukz,"EENIE MEENIE (Feat. HONGJOONG of ATEEZ)","EENIE MEENIE","CHUNG HA;HONGJOONG",2024-03-11,170066,50,false,giovani.lightz,2026-05-30T03:49:57Z,"k-pop","MORE VISION",0.819,0.719,1,-4.187,1,0.198,0.176,0,0.0558,0.703,99.892,4
spotify:track:4loUHO28CuvSbEiZXId1BD,"NOBODY","NOBODY","SOYEON;WINTER;LIZ (IVE)",2023-11-16,161120,59,false,giovani.lightz,2025-11-27T00:09:20Z,"k-pop","Studio Beyond",0.763,0.857,2,-2.75,1,0.0485,0.437,0,0.0714,0.891,109.994,4
spotify:track:5xrtzzzikpG3BLbo4q1Yul,"LILAC","IU 5th Album 'LILAC'","IU",2021-03-25,214253,68,false,giovani.lightz,2026-03-25T21:03:08Z,"k-pop,k-ballad","EDAM Entertainment",0.738,0.89,2,-2.275,0,0.0748,0.0895,0.00000189,0.213,0.75,114.942,4
spotify:track:0djkJ3iAARXRCbfbwwVc3o,"Love wins all","Love wins all","IU",2024-01-24,271080,71,false,giovani.lightz,2026-04-01T19:46:54Z,"k-pop,k-ballad","EDAM Entertainment",0.496,0.447,0,-5.878,1,0.0317,0.82,0,0.098,0.315,101.132,4
spotify:track:76do9IBWqoiwV3EyoP25Le,"If","Hong Gil Dong OST","TAEYEON",2008-01-23,265613,57,false,giovani.lightz,2026-06-27T21:59:22Z,"k-pop,k-ballad","msmedia",0.538,0.346,9,-7.127,1,0.0294,0.827,0,0.0973,0.266,145.714,4
spotify:track:4ytyLpIwUXbdFsNOvgNnmP,"Four Seasons","Four Seasons","TAEYEON",2019-03-24,188237,58,false,giovani.lightz,2026-06-27T21:59:25Z,"k-pop,k-ballad","SM Entertainment",0.596,0.768,6,-4.948,1,0.145,0.0548,0,0.154,0.673,173.99,4
spotify:track:3Wu4lFjkhcXxB6WWaX9gtr,"What Do I Call You","What Do I Call You - The 4th Mini Album","TAEYEON",2020-12-15,167746,50,false,giovani.lightz,2026-06-27T21:59:29Z,"k-pop,k-ballad","SM Entertainment",0.75,0.586,11,-4.639,0,0.0674,0.0733,0,0.347,0.835,139.889,4
spotify:track:41O17Xo25mbbvay3AOHC8C,"Galaxy","What Do I Call You - The 4th Mini Album","TAEYEON",2020-12-15,226853,40,false,giovani.lightz,2026-05-30T04:06:42Z,"k-pop,k-ballad","SM Entertainment",0.377,0.459,6,-4.771,1,0.0391,0.653,0,0.119,0.34,83.557,4
spotify:track:1Uxr0oBXAZRuLkAz27TkLc,"Letter To Myself","Letter To Myself - The 6th Mini Album","TAEYEON",2024-11-18,184060,54,false,giovani.lightz,2026-06-27T21:59:42Z,"k-pop,k-ballad","SM Entertainment",0.57,0.665,1,-2.89,1,0.0399,0.0378,0,0.0798,0.213,153.07,4
spotify:track:154owc59jq3USSwpPISBct,"Disaster","Letter To Myself - The 6th Mini Album","TAEYEON",2024-11-18,193103,50,false,giovani.lightz,2026-06-27T21:59:32Z,"k-pop,k-ballad","SM Entertainment",0.592,0.751,2,-4.025,1,0.0759,0.0105,0,0.111,0.548,150.005,4
spotify:track:0ssPVeVjOXzMvfsekdNe4H,"Gravity","Purpose - The 2nd Album Repackage","TAEYEON",2020-01-15,239499,34,false,giovani.lightz,2026-06-27T21:59:34Z,"k-pop,k-ballad","SM Entertainment",0.582,0.542,10,-4.82,1,0.0374,0.0902,0.00000117,0.112,0.166,153.877,3
spotify:track:1a0lsoM2VNStRUed1Ao1f2,"My Tragedy","Purpose - The 2nd Album Repackage","TAEYEON",2020-01-15,269306,40,false,giovani.lightz,2026-05-30T04:18:56Z,"k-pop,k-ballad","SM Entertainment",0.57,0.545,5,-3.373,0,0.0317,0.688,0.00000128,0.0699,0.499,101.018,4
spotify:track:0BiJCg7FLwWGTYLEsnaHcz,"Drawing Our Moments","Purpose - The 2nd Album Repackage","TAEYEON",2020-01-15,273293,48,false,giovani.lightz,2026-06-27T21:59:16Z,"k-pop,k-ballad","SM Entertainment",0.457,0.617,9,-2.148,1,0.0278,0.578,0,0.072,0.336,155.936,3
spotify:track:7rXcCpIAoOUCydkVDMcoPV,"INVU","INVU - The 3rd Album","TAEYEON",2022-02-14,204973,63,false,giovani.lightz,2026-03-25T21:05:50Z,"k-pop,k-ballad","SM Entertainment",0.599,0.816,11,-3.412,0,0.0556,0.0911,0.00000217,0.0961,0.399,106.962,4
spotify:track:1Q03Eti3fdmnN7DA2Y6gAp,"Some Nights","INVU - The 3rd Album","TAEYEON",2022-02-14,207613,47,false,giovani.lightz,2026-05-07T23:48:03Z,"k-pop,k-ballad","SM Entertainment",0.475,0.558,7,-5.074,0,0.0359,0.266,0,0.0877,0.168,89.513,4
spotify:track:2TZTpkpnDIKUOfU6riqCfE,"Can't Control Myself","INVU - The 3rd Album","TAEYEON",2022-02-14,181600,50,false,giovani.lightz,2026-05-07T23:51:38Z,"k-pop,k-ballad","SM Entertainment",0.626,0.681,4,-2.979,1,0.0377,0.0263,0,0.453,0.229,85.044,4
spotify:track:002wiS64p2qXaYYVAP7KOW,"Set Myself On Fire","INVU - The 3rd Album","TAEYEON",2022-02-14,157986,45,false,giovani.lightz,2026-05-07T23:47:59Z,"k-pop,k-ballad","SM Entertainment",0.585,0.683,8,-3.827,1,0.0523,0.737,0,0.114,0.493,128.018,3
spotify:track:73pehvxZUb87PhgyJJpTlw,"Toddler","INVU - The 3rd Album","TAEYEON",2022-02-14,188666,45,false,giovani.lightz,2026-05-07T23:47:56Z,"k-pop,k-ballad","SM Entertainment",0.784,0.631,7,-3.21,0,0.0322,0.218,0.0000152,0.183,0.658,105.954,4
spotify:track:4XGdr0bJNCLjwQ4k3HWAGP,"Siren","INVU - The 3rd Album","TAEYEON",2022-02-14,189226,47,false,giovani.lightz,2026-05-07T23:47:49Z,"k-pop,k-ballad","SM Entertainment",0.534,0.684,4,-3.684,0,0.0355,0.422,0.00000164,0.0761,0.408,89.939,4
spotify:track:07jwaA0nfuC2DmZd5n1l7t,"Timeless","INVU - The 3rd Album","TAEYEON",2022-02-14,202893,45,false,giovani.lightz,2026-05-07T23:47:45Z,"k-pop,k-ballad","SM Entertainment",0.646,0.733,8,-3.054,1,0.0311,0.0783,0.0000162,0.117,0.345,93.95,4
spotify:track:5wr4JYeZZz4POQao14IDFu,"Heart","INVU - The 3rd Album","TAEYEON",2022-02-14,232493,43,false,giovani.lightz,2026-05-07T23:47:38Z,"k-pop,k-ballad","SM Entertainment",0.468,0.533,11,-3.946,1,0.066,0.206,0,0.0974,0.345,179.652,3
spotify:track:2b0RhgCNG1jIU8gc5HoGRM,"No Love Again","INVU - The 3rd Album","TAEYEON",2022-02-14,194546,44,false,giovani.lightz,2026-05-07T23:47:34Z,"k-pop,k-ballad","SM Entertainment",0.696,0.788,6,-2.8,1,0.0339,0.256,0.00000563,0.249,0.74,129.928,4
spotify:track:47Vgc15moDELPzmLAQSFgO,"You Better Not","INVU - The 3rd Album","TAEYEON",2022-02-14,163893,43,false,giovani.lightz,2026-05-07T23:47:24Z,"k-pop,k-ballad","SM Entertainment",0.703,0.749,1,-3.96,1,0.135,0.371,0.0000118,0.125,0.614,107.049,4
spotify:track:0n1jo6k1GUzyrcXW2aS0iL,"Weekend","INVU - The 3rd Album","TAEYEON",2022-02-14,233413,55,false,giovani.lightz,2026-05-07T23:47:21Z,"k-pop,k-ballad","SM Entertainment",0.74,0.854,8,-2.209,1,0.0525,0.0783,0.000532,0.253,0.856,114.029,4
spotify:track:0OYN3vyfmDDxDknh12zUp8,"Ending Credits","INVU - The 3rd Album","TAEYEON",2022-02-14,225026,45,false,giovani.lightz,2026-05-07T23:47:17Z,"k-pop,k-ballad","SM Entertainment",0.562,0.573,3,-4.932,1,0.0429,0.0288,0,0.0775,0.333,110.981,4
spotify:track:347PJwH4XqRbeaKaIW9sX3,"Bittersweet (feat. LeeHi)","Bittersweet (feat. LeeHi)","WONWOO;MINGYU;LEEHI",2021-05-28,174773,63,false,giovani.lightz,2026-03-06T01:27:38Z,"k-ballad,k-pop","PLEDIS Entertainment",0.824,0.68,10,-6.331,0,0.0425,0.425,0,0.0849,0.772,110.077,4
spotify:track:7KOijaSUhe0dyiKNZLsl8X,"Blue","Serenade","DxS",2026-01-12,209000,61,false,giovani.lightz,2026-05-07T23:47:07Z,"","PLEDIS Entertainment",0.371,0.457,9,-6.816,1,0.032,0.737,0,0.127,0.352,132.742,4
spotify:track:1fdf17Vh65HbindCSqnRro,"RESET","MELLIFLUOUS","Park Je Up",2024-11-29,189953,8,false,giovani.lightz,2026-05-30T04:16:40Z,"k-ballad","찬스미디어",0.478,0.733,2,-3.482,1,0.0375,0.555,0,0.157,0.405,142.039,3
spotify:track:7j1vFohEm1lbsctYY9gyGd,"Raise y_our glass","Raise y_our glass","HUH YUNJIN",2022-08-09,212163,55,true,giovani.lightz,2026-05-07T23:54:12Z,"k-pop","SOURCE MUSIC",0.567,0.503,8,-6.119,1,0.124,0.581,0,0.369,0.184,72.798,4
spotify:track:6LGcOydwjfaquaRgJwlPkK,"Time After Time","2022 Winter SMTOWN : SMCU PALACE","BoA;WENDY;NINGNING",2022-12-26,182653,50,false,giovani.lightz,2026-03-11T17:56:21Z,"k-pop,r&b japonês,j-pop,k-ballad,r&b chinês","SM Entertainment",0.415,0.532,7,-2.928,1,0.037,0.253,0,0.344,0.123,188.781,3
spotify:track:59BCMqaghgeHN4IpMv7Gdn,"Canary","XO, My Cyberlove","CHUU",2026-01-07,176000,47,false,giovani.lightz,2026-03-25T21:01:18Z,"k-pop","ATRP",0.606,0.573,8,-4.583,1,0.0464,0.0788,0.0000313,0.0798,0.37,135.922,4
spotify:track:7Bk9z6zUljMaZu1AsOb039,"First Snow, That Day","First Snow, That Day (from Sold Out On You (Original Soundtrack) part 1)","LIZ (IVE)",2026-04-22,162604,42,false,giovani.lightz,2026-05-08T21:54:39Z,"k-pop","YAMYAM ENTERTAINMENT",0.603,0.938,2,-2.46,1,0.0424,0.165,0,0.255,0.9,123.972,4
spotify:track:6SaSFVlIQC1L6Fh1QKLeFi,"start a war","Ruby","JENNIE",2025-03-07,165066,71,true,giovani.lightz,2026-01-27T19:42:39Z,"k-pop","OA Entertainment/Columbia",0.485,0.686,10,-5.449,1,0.0576,0.107,0,0.217,0.313,127.24,4
spotify:track:104KjF0t9EnlFOoxGLxiSQ,"Filter","Ruby","JENNIE",2025-03-07,151776,68,true,giovani.lightz,2026-01-27T20:04:25Z,"k-pop","OA Entertainment/Columbia",0.515,0.799,2,-6.283,1,0.1,0.00682,0.000213,0.21,0.141,187.002,3
spotify:track:6JgEbE6tFhcKILTL4Z82VA,"FREAK","YUQ1","YUQI",2024-04-23,171080,58,false,giovani.lightz,2025-10-30T16:58:33Z,"k-pop","Cube Entertainment",0.809,0.817,5,-3.517,1,0.0457,0.078,0,0.102,0.813,119.989,4
spotify:track:0mXXjVVAhaasNXga2HMgJK,"Radio (Dum-Dum)","Radio (Dum-Dum)","YUQI",2025-03-17,152373,61,false,giovani.lightz,2026-03-25T21:04:55Z,"k-pop","BMG Rights Management (US) LLC",0.64,0.858,10,-3.575,0,0.131,0.118,0,0.0377,0.94,176.123,4
spotify:track:4ZHYkfQPXkYM9uANPCliQn,"M.O.","Motivation","YUQI",2025-09-16,182656,57,false,giovani.lightz,2026-03-06T01:07:19Z,"k-pop","BMG Rights Management (US) LLC",0.799,0.761,7,-3.671,1,0.0899,0.101,0,0.0842,0.596,95.996,4
spotify:track:66iWz39YafI0GvVqqQ4Tl1,"TE AMO","MY","MIYEON",2022-04-27,256413,41,false,giovani.lightz,2026-05-30T04:19:06Z,"k-pop","Cube Entertainment",0.501,0.649,4,-4.062,1,0.0844,0.366,0,0.081,0.31,167.735,3
spotify:track:1Pu5tShkjXdusa00zanZpW,"Reno (feat. Colde)","MY, Lover","MIYEON;Colde",2025-11-03,187000,41,false,giovani.lightz,2025-12-25T06:28:17Z,"k-pop","BMG Rights Management (US) LLC",0.369,0.73,11,-4.05,0,0.0511,0.144,0,0.0805,0.349,171.87,3
spotify:track:2t4d73fPrmvbPvqPe4OYxR,"Say My Name","MY, Lover","MIYEON",2025-11-03,159000,48,false,giovani.lightz,2026-03-11T17:56:25Z,"k-pop","BMG Rights Management (US) LLC",0.634,0.731,11,-4.016,1,0.0322,0.188,0,0.0718,0.561,98.035,4
spotify:track:4TosMtFNNpifYbqzSNRJQX,"F.F.L.Y","MY, Lover","MIYEON",2025-11-03,165000,42,false,giovani.lightz,2026-03-11T17:56:29Z,"k-pop","BMG Rights Management (US) LLC",0.535,0.503,4,-5.781,1,0.0399,0.318,0,0.192,0.266,135.315,4
spotify:track:3yg3Grgpxjut7gs9inW0p3,"Space Invader","MY, Lover","MIYEON",2025-11-03,140000,37,false,giovani.lightz,2026-03-11T17:56:31Z,"k-pop","BMG Rights Management (US) LLC",0.595,0.417,4,-5.442,1,0.0351,0.776,0,0.471,0.27,81.187,3
spotify:track:0EZyzwfDqkiZefUXvY2uaD,"You And No One Else","MY, Lover","MIYEON",2025-11-03,177000,39,false,giovani.lightz,2026-03-11T17:56:33Z,"k-pop","BMG Rights Management (US) LLC",0.738,0.646,9,-5.292,1,0.0646,0.325,0,0.354,0.638,99.037,4
spotify:track:1IwoL50uEzCTsnsZ1VAb96,"Petal Shower","MY, Lover","MIYEON",2025-11-03,189000,36,false,giovani.lightz,2026-03-11T17:56:36Z,"k-pop","BMG Rights Management (US) LLC",0.425,0.732,7,-3.039,1,0.0722,0.294,0,0.0584,0.464,116.871,4
spotify:track:3GTxSWk1HeurwtjQ4NJ7je,"Show","MY, Lover","MIYEON",2025-11-03,181000,36,false,giovani.lightz,2026-03-11T17:56:37Z,"k-pop","BMG Rights Management (US) LLC",0.63,0.748,0,-3.662,1,0.046,0.0217,0,0.397,0.327,90.043,4
spotify:track:7c4HDbpPTGrFJ1hssnvK8K,"Don't Ever Say Goodbye","Don't Ever Say Goodbye","NUTOИ;MIYEON",2026-04-10,129113,37,false,giovani.lightz,2026-06-27T22:03:00Z,"k-pop","LAND MUSIC",0.716,0.58,8,-7.55,0,0.0371,0.0238,0,0.196,0.51,119.953,4
spotify:track:4Kw1ykVLHoFQxOPSVd8R2E,"Like A Dream","Lovely Runner, Pt. 3 (Original Soundtrack)","MINNIE",2024-04-16,249217,64,false,giovani.lightz,2026-01-20T03:49:21Z,"k-pop","Genie Music Corporation, Stone Music Entertainment",0.539,0.517,7,-5.244,1,0.0282,0.321,0,0.181,0.217,132.319,4
spotify:track:435qIAfd7kSyT6qF2TkYPB,"Devil's Angel","Dear. X (Original Soundtrack) Part.3","MINNIE",2025-11-20,168000,49,false,giovani.lightz,2025-11-27T00:06:53Z,"k-pop","MOST CONTENTS",0.752,0.613,11,-5.459,0,0.0356,0.151,0,0.144,0.721,125.007,4
spotify:track:3CSgBXi77r1Nv6Hu5fYX5G,"Answer (From ""Love Scout"" : Original Soundtrack)","Answer (From ""Love Scout"" : Original Soundtrack) Part.7","MINNIE",2025-01-25,225720,36,false,giovani.lightz,2026-03-25T21:04:02Z,"k-pop","STUDIO S",0.596,0.488,4,-7.812,0,0.0355,0.887,0.000112,0.118,0.0376,120.037,4
spotify:track:5z9xBkTjtyYhgrAx1guUND,"Hello","Siren's Kiss (Original Soundtrack) Part.3","MINNIE",2026-03-16,253000,45,false,giovani.lightz,2026-03-25T21:03:56Z,"k-pop","모스트콘텐츠",0.52,0.45,11,-8.266,1,0.0289,0.864,0.00544,0.0964,0.0984,71.915,4
spotify:track:4j8AeNtIUeCcjYU9ciwA4m,"Melted","[THE SEASONS VolⅡ. 8] <AKMU's Long day Long night> ReːWake x MINNIE","MINNIE",2023-11-04,234466,27,false,giovani.lightz,2026-03-25T21:04:13Z,"k-pop","KBS (Korean Broadcasting System)",0.4,0.25,0,-8.349,0,0.0344,0.849,0,0.114,0.171,113.931,4
spotify:track:41nBWFdECOtxYnygCpL6AH,"Getaway","My Dangerous Wife, Pt. 2 (Original Television Soundtrack)","MINNIE",2020-10-11,228080,33,false,giovani.lightz,2026-03-25T21:04:34Z,"k-pop","JTBC 스튜디오 (MBN방송)",0.419,0.649,4,-3.332,1,0.0328,0.5,0.0000927,0.184,0.0588,126.049,4
spotify:track:1EPblgeFgaq6erWiJ7ZHWN,"Burn Me Into The Light - Netflix影集《回魂計》宣傳曲","Burn Me Into The Light (Netflix影集《回魂計》宣傳曲)","MINNIE;SHUHUA",2025-10-09,208860,43,false,giovani.lightz,2026-03-25T21:04:00Z,"k-pop","Universal Music Taiwan",0.575,0.604,7,-5.188,1,0.041,0.145,0.0000089,0.152,0.0785,108.919,4
spotify:track:4wqyCBpp9zwtpSehLRciXT,"Blind Eyes Red","HER","MINNIE",2025-01-21,203464,62,false,giovani.lightz,2025-11-17T06:35:18Z,"k-pop","Cube Entertainment",0.529,0.666,11,-5.559,0,0.0334,0.0902,0,0.18,0.252,118.064,4
spotify:track:6XtNw289lraKPESASgB5Hj,"HER","HER","MINNIE",2025-01-21,159797,61,false,giovani.lightz,2025-10-29T05:42:28Z,"k-pop","Cube Entertainment",0.801,0.79,11,-4.382,0,0.046,0.0304,0.0000483,0.0998,0.899,131.034,4
spotify:track:2WGz9KZfpvCrnJsgE7v21m,"Drive U Crazy","HER","MINNIE;YUQI",2025-01-21,157797,47,false,giovani.lightz,2025-11-27T00:08:06Z,"k-pop","Cube Entertainment",0.643,0.867,5,-4.88,0,0.0386,0.0243,0.0000516,0.316,0.935,148.016,4
spotify:track:2CLO1WtZp7CvgjhiPLGKUh,"Cherry Sky","HER","MINNIE",2025-01-21,175496,52,false,giovani.lightz,2025-11-27T00:08:23Z,"k-pop","Cube Entertainment",0.768,0.53,11,-8.138,0,0.189,0.0494,0.000765,0.0466,0.498,128.005,4
spotify:track:195M5ImY6s4Cj466yYUJMa,"Valentine’s Dream","HER","MINNIE",2025-01-21,201517,43,false,giovani.lightz,2025-11-27T00:08:42Z,"k-pop","Cube Entertainment",0.584,0.355,0,-10.063,1,0.0339,0.799,0.0000229,0.0892,0.24,119.838,3
spotify:track:4fFDCv1mqNSoDq5q3TPtmr,"Obsession","HER","MINNIE;TEN",2025-01-21,222541,54,false,giovani.lightz,2025-11-27T00:08:57Z,"k-pop","Cube Entertainment",0.493,0.849,5,-4.966,1,0.0448,0.0306,0,0.0745,0.308,159.947,4
spotify:track:63j1HWrXmSk1zK7IZYQepo,"STUNNER","STUNNER - The 2nd Mini Album","TEN",2025-03-24,214440,64,false,giovani.lightz,2026-03-06T01:16:39Z,"k-pop","SM Entertainment",0.554,0.806,1,-5.075,1,0.111,0.00637,0,0.0509,0.566,188.025,4
spotify:track:02pkXVCNTEZtZaMHT9bGjo,"Enough For Me","STUNNER - The 2nd Mini Album","TEN",2025-03-24,185560,53,false,giovani.lightz,2026-04-01T19:38:16Z,"k-pop","SM Entertainment",0.762,0.825,8,-4.963,0,0.0561,0.216,0.0000119,0.0545,0.712,93.005,4
spotify:track:6etG5JwuSwDT43D8Sew9TT,"BAMBOLA","STUNNER - The 2nd Mini Album","TEN",2025-03-24,160053,57,false,giovani.lightz,2026-03-06T01:24:15Z,"k-pop","SM Entertainment",0.851,0.874,0,-5.473,1,0.19,0.0811,0.000178,0.108,0.649,134.139,4
spotify:track:4DwZu2OuTyN1Ro3cZTltTn,"Sweet As Sin","STUNNER - The 2nd Mini Album","TEN",2025-03-24,174106,52,false,giovani.lightz,2026-04-01T19:38:18Z,"k-pop","SM Entertainment",0.818,0.584,5,-5.428,1,0.187,0.0125,0.00000912,0.0844,0.351,103.007,4
spotify:track:5COfrWRxEpBOUmnQvbk3SL,"Waves","STUNNER - The 2nd Mini Album","TEN",2025-03-24,175040,55,false,giovani.lightz,2026-04-01T19:38:20Z,"k-pop","SM Entertainment",0.73,0.585,5,-5.512,0,0.0439,0.108,0,0.0969,0.393,106.98,4
spotify:track:6sQ4csMNNegoktvomHMIwS,"Butterfly","STUNNER - The 2nd Mini Album","TEN",2025-03-24,185386,53,false,giovani.lightz,2026-04-01T19:38:21Z,"k-pop","SM Entertainment",0.543,0.458,11,-7.567,1,0.0328,0.222,0,0.358,0.174,60.055,4
spotify:track:4RiudH8RehvLLrk8uNgIdR,"Nightwalker","TEN - The 1st Mini Album","TEN",2024-02-13,204373,60,false,giovani.lightz,2026-03-06T01:21:30Z,"k-pop","SM Entertainment",0.439,0.704,7,-5.162,1,0.108,0.111,0.0000328,0.33,0.576,128.038,4
spotify:track:0fl3T6cekhgAxYu5xLWefX,"Water","TEN - The 1st Mini Album","TEN",2024-02-13,167626,56,false,giovani.lightz,2026-04-01T19:38:10Z,"k-pop","SM Entertainment",0.781,0.667,1,-6.92,0,0.083,0.106,0,0.0451,0.875,100,4
spotify:track:56vA4AoGec8ae9nmdprBBI,"Dangerous","TEN - The 1st Mini Album","TEN",2024-02-13,175533,53,false,giovani.lightz,2026-04-01T19:38:12Z,"k-pop","SM Entertainment",0.888,0.652,3,-3.874,0,0.0906,0.272,0,0.0932,0.905,111.962,4
spotify:track:41KTGiWZ3acbnlUqTpiL7Y,"ON TEN","TEN - The 1st Mini Album","TEN",2024-02-13,163280,53,false,giovani.lightz,2026-04-01T19:38:13Z,"k-pop","SM Entertainment",0.784,0.547,4,-6.217,0,0.0467,0.0875,0,0.0582,0.535,126.039,4
spotify:track:05bEOekC31J9F7tH8jEuJw,"Shadow","TEN - The 1st Mini Album","TEN",2024-02-13,188800,53,false,giovani.lightz,2026-04-01T19:38:15Z,"k-pop","SM Entertainment",0.715,0.626,6,-7.207,1,0.2,0.43,0.00000151,0.0796,0.708,161.814,4
spotify:track:39uhLliuH6Otvhg9duW9Fb,"Lie With You","TEN - The 1st Mini Album","TEN",2024-02-13,200040,57,false,giovani.lightz,2026-03-06T01:21:26Z,"k-pop","SM Entertainment",0.61,0.805,9,-6.69,1,0.0517,0.232,0.00000839,0.116,0.784,167.989,4
spotify:track:1QFgmO04rQBRBwWqq0ZUuc,"Flash","Humanity","TEN",2025-04-23,145186,48,false,giovani.lightz,2026-03-06T01:22:24Z,"k-pop","SM Entertainment",0.578,0.596,0,-5.412,1,0.0911,0.0755,0.000264,0.111,0.487,169.088,4
spotify:track:4JZZ7HMom41hWql5C97kNF,"Silence","Humanity","TEN",2025-04-23,176026,50,false,giovani.lightz,2026-03-06T01:22:26Z,"k-pop","SM Entertainment",0.342,0.781,2,-4.579,1,0.0845,0.0347,0,0.259,0.212,84.374,4
spotify:track:2cbllYULJNYhcDK37Uh8hR,"Birthday","Birthday - SM STATION : NCT LAB","TEN",2022-10-26,221693,60,false,giovani.lightz,2026-04-20T02:29:29Z,"k-pop","SM Entertainment",0.535,0.528,7,-5.963,0,0.202,0.268,0,0.121,0.476,191.769,3
spotify:track:0CExKnGUdMZkttFmZAuwdr,"Count On Me","The Midnight Studio, Pt. 1 (Original Soundtrack)","NINGNING",2024-03-12,197560,46,false,giovani.lightz,2026-05-07T23:52:30Z,"r&b chinês","Genie Music Corporation, Stone Music Entertainment",0.669,0.847,5,-2.585,0,0.0996,0.0981,0,0.0676,0.854,149.909,4
spotify:track:5U91cIDMrNEdsDBavYuQQh,"WDA (Whole Different Animal) (feat. G-DRAGON)","LEMONADE - The 2nd Album","aespa;G-DRAGON",2026-05-29,174000,65,false,giovani.lightz,2026-05-30T03:49:53Z,"k-pop,k-rap","SM Entertainment",0.713,0.908,10,-2.757,0,0.0518,0.0538,0,0.341,0.476,102.974,4
spotify:track:2oR7jPvWPC08Su4KYmKR3O,"LEMONADE","LEMONADE - The 2nd Album","aespa",2026-05-29,187000,81,false,giovani.lightz,2026-05-30T03:49:50Z,"k-pop","SM Entertainment",0.709,0.892,1,-2.798,0,0.14,0.0502,0,0.101,0.639,128.021,4
spotify:track:1ubVpU4mU0xbgq2FM3k5id,"Can't Help Myself","LEMONADE - The 2nd Album","aespa",2026-05-29,181000,64,false,giovani.lightz,2026-05-30T03:49:36Z,"k-pop","SM Entertainment",0.65,0.783,5,-2.69,0,0.0457,0.0391,0,0.359,0.772,106.949,4
spotify:track:5M7EPlVtfHdqlxY628HvHx,"Bite","LEMONADE - The 2nd Album","aespa",2026-05-29,192000,61,false,giovani.lightz,2026-05-30T03:49:16Z,"k-pop","SM Entertainment",0.605,0.801,11,-2.698,0,0.198,0.0559,0,0.112,0.62,195.841,4
spotify:track:3KHbQsyerMst6uLw8JiAwu,"Switchblade (feat. Ty Dolla $ign)","LEMONADE - The 2nd Album","aespa;Ty Dolla $ign",2026-05-29,182000,70,false,giovani.lightz,2026-05-30T03:49:12Z,"k-pop,trap soul","SM Entertainment",0.495,0.854,10,-4.64,0,0.172,0.00525,0,0.078,0.67,125.928,4
spotify:track:3bKpQla1Cn6WF7vZqb0MRZ,"'Til We Die","LEMONADE - The 2nd Album","aespa",2026-05-29,203000,61,false,giovani.lightz,2026-05-30T03:49:08Z,"k-pop","SM Entertainment",0.615,0.81,5,-2.247,1,0.0501,0.488,0,0.18,0.603,147.072,4
spotify:track:4qtdab2DABnEokwupCl8lG,"Dirty Work","Dirty Work","aespa",2025-06-27,180250,69,false,giovani.lightz,2025-10-22T03:16:29Z,"k-pop","aespa",0.748,0.738,5,-4.96,0,0.0848,0.289,0.00000653,0.187,0.631,97.962,4
spotify:track:4b2fMv44GAYpsDSK4ihbsI,"Armageddon","Armageddon - The 1st Album","aespa",2024-05-26,196466,72,false,giovani.lightz,2025-08-22T16:15:30Z,"k-pop","SM Entertainment",0.695,0.789,9,-2.05,1,0.0671,0.0651,0.00000139,0.168,0.469,91.991,4
spotify:track:5lKnZbdGCBViitE1Ce5TZh,"Supernova","Armageddon - The 1st Album","aespa",2024-05-26,178880,73,false,giovani.lightz,2025-08-27T00:04:36Z,"k-pop","SM Entertainment",0.744,0.747,11,-4.281,0,0.0824,0.00691,0.00000203,0.0739,0.368,120.077,4
spotify:track:2lzb0dgTFAfrHfzlZA9Hxw,"Rich Man","Rich Man - The 6th Mini Album","aespa",2025-09-05,197578,73,false,giovani.lightz,2025-09-06T00:26:36Z,"k-pop","SM Entertainment",0.732,0.92,10,-2.502,0,0.127,0.0881,0,0.0741,0.673,110.049,4
spotify:track:1lHO8xV5n8sV3JzBkdExv7,"Count On Me","Rich Man - The 6th Mini Album","aespa",2025-09-05,213332,60,false,giovani.lightz,2025-09-06T17:48:19Z,"k-pop","SM Entertainment",0.685,0.736,10,-4.997,0,0.0735,0.375,0.00591,0.0655,0.598,86.996,4
spotify:track:3coRPMnFg2dJcPu5RMloa9,"Whiplash","Whiplash - The 5th Mini Album","aespa",2024-10-21,183226,77,false,giovani.lightz,2025-08-27T00:04:35Z,"k-pop","aespa",0.863,0.9,10,-2.974,0,0.0448,0.0953,0.0212,0.0786,0.748,126.023,4
spotify:track:7polyembHZBHwSveAXE4cX,"Flowers","Whiplash - The 5th Mini Album","aespa",2024-10-21,190733,60,false,giovani.lightz,2025-09-28T04:43:14Z,"k-pop","aespa",0.58,0.734,2,-5.07,0,0.045,0.346,0,0.152,0.319,139.988,4
spotify:track:5XWlyfo0kZ8LF7VSyfS4Ew,"Drama","Drama - The 4th Mini Album","aespa",2023-11-10,214973,77,false,giovani.lightz,2025-08-21T22:48:18Z,"k-pop","SM Entertainment / Warner Records",0.644,0.872,6,-1.54,0,0.0417,0.164,0,0.363,0.378,131.016,4
spotify:track:3EI3OLBeM89B0o0UsIGCOx,"Trick or Trick","Drama - The 4th Mini Album","aespa",2023-11-10,175440,52,false,giovani.lightz,2025-09-28T04:46:41Z,"k-pop","SM Entertainment / Warner Records",0.729,0.843,1,-3.018,1,0.143,0.217,0.0000423,0.0916,0.63,159,4
spotify:track:3OQWohbPUsvbXaH1AiRazX,"YOLO","Drama - The 4th Mini Album","aespa",2023-11-10,189373,45,false,giovani.lightz,2025-09-28T04:48:34Z,"k-pop","SM Entertainment / Warner Records",0.665,0.936,10,-2.306,1,0.19,0.186,0.000588,0.415,0.569,120.925,4
spotify:track:52qof5uEYA0TV0EpR7jNxs,"You","Drama - The 4th Mini Album","aespa",2023-11-10,203306,46,false,giovani.lightz,2025-09-28T04:54:04Z,"k-pop","SM Entertainment / Warner Records",0.347,0.821,4,-2.78,1,0.118,0.326,0,0.359,0.371,185.959,4
spotify:track:330IIz7d75eqAsKq1xhzXR,"Better Things","Drama - The 4th Mini Album","aespa",2023-11-10,203216,55,false,giovani.lightz,2025-09-02T15:27:15Z,"k-pop","SM Entertainment / Warner Records",0.782,0.767,0,-5.383,1,0.0529,0.11,0.00323,0.496,0.548,115.027,4
spotify:track:3q5qpprtugUIEPExuI7tRD,"Welcome To MY World (feat. nævis)","MY WORLD - The 3rd Mini Album","aespa;nævis",2023-05-08,206920,50,false,giovani.lightz,2025-08-28T03:51:54Z,"k-pop","SM Entertainment / Warner Records",0.598,0.836,7,-1.694,1,0.0304,0.185,0,0.292,0.37,152.009,4
spotify:track:1ULdASrNy5rurl1TZfFaMP,"Spicy","MY WORLD - The 3rd Mini Album","aespa",2023-05-08,197040,60,false,giovani.lightz,2025-09-28T04:57:12Z,"k-pop","SM Entertainment / Warner Records",0.757,0.898,11,-1.247,0,0.0667,0.0138,0,0.0703,0.842,114.949,4
spotify:track:6nICBdDevG4NZysIqDFPEa,"Thirsty","MY WORLD - The 3rd Mini Album","aespa",2023-05-08,193413,60,false,giovani.lightz,2025-09-28T04:56:46Z,"k-pop","SM Entertainment / Warner Records",0.654,0.787,6,-2.538,1,0.0636,0.549,0,0.13,0.632,77.513,4
spotify:track:6fzio74FGqFFsenYkbGPzR,"I'm Unhappy","MY WORLD - The 3rd Mini Album","aespa",2023-05-08,205893,52,false,giovani.lightz,2025-11-09T20:30:11Z,"k-pop","SM Entertainment / Warner Records",0.675,0.657,5,-3.695,1,0.131,0.152,0,0.101,0.334,81.947,4
spotify:track:60Uio68M57PwKEgZxSutL6,"'Til We Meet Again","MY WORLD - The 3rd Mini Album","aespa",2023-05-08,218360,47,false,giovani.lightz,2025-09-28T04:56:49Z,"k-pop","SM Entertainment / Warner Records",0.474,0.857,5,-2.577,1,0.0571,0.134,0,0.113,0.552,155.71,4
spotify:track:2WTHLEVjfefbGoW7F3dXIg,"Girls","Girls - The 2nd Mini Album","aespa",2022-07-08,240440,61,false,giovani.lightz,2026-06-27T22:11:51Z,"k-pop","SM Entertainment / Warner Records",0.57,0.974,3,-0.173,0,0.325,0.115,0.000594,0.125,0.65,171.958,4
spotify:track:2GyZkPeiJXXBqYY1ddtsjk,"Dreams Come True","Girls - The 2nd Mini Album","aespa",2022-07-08,204933,53,false,giovani.lightz,2025-09-28T04:59:58Z,"k-pop","SM Entertainment / Warner Records",0.684,0.912,0,-0.205,1,0.0639,0.0762,0,0.304,0.556,98.992,4
spotify:track:5bMHrigI1EAmZdiyRzKoQi,"ICONIC","Savage - The 1st Mini Album","aespa",2021-10-05,191200,54,false,giovani.lightz,2025-09-28T05:09:04Z,"k-pop","SM Entertainment",0.816,0.842,8,-1.164,0,0.115,0.509,0.00000794,0.0534,0.625,152.991,4
spotify:track:285Bh5EkbxGGE76ge8JDbH,"Lucid Dream","Savage - The 1st Mini Album","aespa",2021-10-05,210560,62,false,giovani.lightz,2025-09-28T05:09:05Z,"k-pop","SM Entertainment",0.7,0.753,11,-3.841,0,0.0441,0.0539,0.0000172,0.072,0.146,97.998,4
spotify:track:5sjnkOfTLCLNfkkchI2re2,"UP - KARINA Solo","SYNK : PARALLEL LINE - Special Digital Single","aespa",2024-10-09,166640,77,false,giovani.lightz,2025-09-07T05:57:27Z,"k-pop","SM Entertainment",0.777,0.781,6,-4.479,0,0.043,0.0137,0.00000277,0.0466,0.382,98.97,4
spotify:track:6pIuPm3u7QgUFAX1V0D9wY,"Dopamine - GISELLE Solo","SYNK : PARALLEL LINE - Special Digital Single","aespa",2024-10-09,194093,64,false,giovani.lightz,2025-10-02T02:18:43Z,"k-pop","SM Entertainment",0.609,0.619,9,-6.515,0,0.054,0.00668,0,0.0659,0.113,141.957,4
spotify:track:44qlcokPO2RjD8791ohJFR,"Bored! - NINGNING Solo","SYNK : PARALLEL LINE - Special Digital Single","aespa",2024-10-09,171160,62,false,giovani.lightz,2025-10-02T02:18:25Z,"k-pop","SM Entertainment",0.69,0.807,8,-3.282,1,0.128,0.453,0,0.12,0.809,155.99,4
spotify:track:2xoA126GEgFhrYzRaTH7E4,"Spark - WINTER Solo","SYNK : PARALLEL LINE - Special Digital Single","aespa",2024-10-09,201200,63,false,giovani.lightz,2025-10-02T02:18:24Z,"k-pop","SM Entertainment",0.503,0.951,7,-3.493,0,0.0825,0.0243,0.0102,0.203,0.0918,126.038,4
spotify:track:58awxGcVt7bQ9bahX7yWxt,"BLUE - WINTER Solo","SYNK : aeXIS LINE - 2025 Special Digital Single","aespa",2025-11-17,211400,62,false,giovani.lightz,2025-11-17T05:59:29Z,"k-pop","SM Entertainment",0.5,0.553,10,-7.391,1,0.0366,0.387,0,0.074,0.219,169.892,4
spotify:track:1D1cBWh7IJ5DqOIYqCtqZa,"Ketchup And Lemonade - NINGNING Solo","SYNK : aeXIS LINE - 2025 Special Digital Single","aespa",2025-11-17,248260,61,false,giovani.lightz,2025-11-17T05:59:43Z,"k-pop","SM Entertainment",0.528,0.528,7,-7.052,1,0.0968,0.658,0.0000262,0.0662,0.398,128.559,4
spotify:track:09mT11oYwaa8geGu4UHpzL,"Tornado - GISELLE Solo","SYNK : aeXIS LINE - 2025 Special Digital Single","aespa",2025-11-17,204603,60,false,giovani.lightz,2025-11-17T05:59:54Z,"k-pop","SM Entertainment",0.754,0.765,11,-6.47,1,0.0955,0.0504,0.000389,0.105,0.121,110.011,4
spotify:track:19iJj3pCMwGxrA6pltPat3,"GOOD STUFF - KARINA Solo","SYNK : aeXIS LINE - 2025 Special Digital Single","aespa",2025-11-17,175018,65,false,giovani.lightz,2025-11-17T06:00:04Z,"k-pop","SM Entertainment",0.752,0.734,6,-5.251,0,0.13,0.0011,0.000556,0.0888,0.571,169.954,4
spotify:track:2wRXvIGUTRWod4yp1k3bGN,"Dark Arts","Dark Arts","aespa",2025-07-15,181758,60,false,giovani.lightz,2025-09-02T15:27:14Z,"k-pop","SM Entertainment, PUBG: BATTLEGROUNDS",0.718,0.742,1,-4.214,1,0.303,0.189,0,0.16,0.791,145.949,4
spotify:track:1oKOeJ2lFLmzReB6ONYLua,"Sun and Moon","Hot Mess","aespa",2024-07-03,199635,57,false,giovani.lightz,2025-11-09T01:14:58Z,"k-pop","WM Japan",0.746,0.794,4,-4.01,0,0.0506,0.313,0,0.0782,0.752,140.011,4
spotify:track:1SaLI6o5GhfcaxPVAJoD3r,"Hot Mess","Hot Mess","aespa",2024-07-03,192375,61,false,giovani.lightz,2025-09-02T15:27:13Z,"k-pop","WM Japan",0.709,0.602,7,-5.054,1,0.273,0.12,0.000063,0.312,0.844,159.971,4
spotify:track:2zrhoHlFKxFTRF5aMyxMoQ,"Next Level","Next Level","aespa",2021-05-17,221573,70,false,giovani.lightz,2026-01-20T04:04:07Z,"k-pop","SM Entertainment",0.82,0.852,11,-2.567,0,0.166,0.488,0.00000594,0.0907,0.82,109.036,4
spotify:track:1t2qYCAjUAoGfeFeoBlK51,"Black Mamba","Black Mamba","aespa",2020-11-17,174933,65,false,giovani.lightz,2025-11-25T04:41:16Z,"k-pop","SM Entertainment",0.52,0.915,2,-2.862,1,0.103,0.0618,0.000946,0.0856,0.5,90.069,4
spotify:track:5iupE5tK6WVGkK2wXN7DlC,"Your Idol","Your Idol (from the Netflix film KPop Demon Hunters)","Saja Boys;Andrew Choi;Neckwav;Danny Chung;KEVIN WOO;samUIL Lee;KPop Demon Hunters Cast",2025-06-19,191537,63,false,giovani.lightz,2025-12-06T04:57:26Z,"k-pop","K-Pop Demon Hunters",0.68,0.842,11,-3.808,0,0.071,0.129,0,0.141,0.321,90.02,4
spotify:track:5sbooPcNgIE22DwO0VNGUJ,"POP/STARS","POP/STARS","K/DA;Madison Beer;i-dle;Jaira Burns;League of Legends",2018-11-03,191100,9,false,giovani.lightz,2025-08-20T22:29:17Z,"k-pop","Riot Games",0.566,0.769,7,-4.342,1,0.0872,0.0183,0,0.108,0.385,170.036,4
spotify:track:2ApfJvLr7RbhJl6NOVhEu6,"Singularity","Love Yourself 結 'Answer'","BTS",2018-08-24,196998,65,false,giovani.lightz,2026-08-06T03:56:25Z,"k-pop","BIGHIT MUSIC",0.775,0.272,1,-9.126,0,0.091,0.56,0.00278,0.112,0.198,103.991,3
spotify:track:3tXTu7hcpy4clOR2VBVNUk,"Good enough","Deadlock","Xdinary Heroes",2023-04-26,237533,59,false,giovani.lightz,2026-08-06T03:56:27Z,"rock coreano,k-pop,noise music","Republic Records - Xdinary Heroes",0.557,0.521,5,-4.049,1,0.0257,0.691,0.0000167,0.0895,0.196,146.069,3
spotify:track:5otUuJ8uKaFWPdqEfzZNhl,"Orchestra","Velvet Summer - Summer Mini Album","Red Velvet",2026-08-03,177000,66,false,giovani.lightz,2026-08-06T03:56:30Z,"k-pop","SM Entertainment",0.678,0.613,7,-4.562,0,0.0355,0.189,0,0.35,0.667,100,4
spotify:track:5MvxeZPiiLAuB5gI8k3ynk,"Can't Love You Anymore (With OHHYUK)","Palette","IU;OHHYUK",2017-04-21,195230,62,false,giovani.lightz,2026-08-06T03:56:32Z,"k-pop,k-ballad","Fave Entertainment",0.611,0.63,9,-4.419,0,0.363,0.566,0,0.237,0.66,65.619,4
spotify:track:5Lu1DuS8oLcG55GCIajgsb,"HIGHER","BAD (Japanese Ver.)","ATEEZ",2026-07-28,198066,55,false,giovani.lightz,2026-08-06T03:56:36Z,"k-pop,noise music","Universal Music LLC",0.665,0.93,1,-3.981,1,0.296,0.0528,0,0.167,0.627,106.929,4
spotify:track:2AWfbE9W2p9YPh38YNzDfZ,"Seeker","BAD (Japanese Ver.)","ATEEZ",2026-07-28,167999,54,false,giovani.lightz,2026-08-06T03:56:39Z,"k-pop,noise music","Universal Music LLC",0.481,0.89,11,-4.34,0,0.217,0.0128,0,0.458,0.588,195.006,4
spotify:track:74muMkVdMYoR65lhmdzy13,"Day 1","The Red - The 1st Album","Red Velvet",2015-09-09,206357,75,false,giovani.lightz,2026-08-06T03:56:43Z,"k-pop","SM Entertainment",0.645,0.884,1,-2.801,1,0.0968,0.112,0,0.179,0.708,171.93,4
spotify:track:0lYtIvI7bO51PZSeK22Mbz,"눈,코,입 (Eyes, Nose, Lips)","RISE","TAEYANG",2014-06-03,229989,73,false,giovani.lightz,2026-08-06T03:57:06Z,"k-pop","YG Entertainment",0.63,0.516,0,-5.759,1,0.0379,0.736,0,0.264,0.254,143.786,4
spotify:track:4Sav8RLaXMBpTZX6xNPj0K,"Try Again","Try Again - SM STATION","JAEHYUN;d.ear",2017-11-24,178233,72,false,giovani.lightz,2026-08-06T03:57:08Z,"","SM Entertainment",0.435,0.352,2,-7.815,0,0.0371,0.814,0,0.247,0.345,85.82,3
spotify:track:1UDsA7aAZBK5vNCGnmX4CT,"W.House","KISS ROAD","KISS OF LIFE",2025-05-07,165200,47,false,giovani.lightz,2026-08-06T03:57:11Z,"k-pop","S2 ENTERTAINMENT INC.",0.686,0.496,4,-6.098,0,0.214,0.105,0,0.509,0.777,85.052,4
spotify:track:3ym9bzwGG4uxVaJ0pLoQbM,"Nothing","Midas Touch","KISS OF LIFE",2024-04-03,211506,59,false,giovani.lightz,2026-08-06T03:57:13Z,"k-pop","S2 ENTERTAINMENT INC.",0.615,0.802,6,-2.371,1,0.064,0.182,0,0.152,0.632,83.953,4
spotify:track:5yilfTuo2JyDZUoBPQ4Vjs,"Te Quiero","Sticky","KISS OF LIFE",2024-07-01,189866,57,false,giovani.lightz,2026-08-06T03:57:15Z,"k-pop","S2 ENTERTAINMENT INC.",0.741,0.78,5,-4.333,0,0.0742,0.299,0,0.155,0.44,120.037,4
spotify:track:39TvS8OLjrdKAQEkFAn2pc,"Night before the end","LIVE and FALL","Xdinary Heroes",2024-10-14,205571,58,false,giovani.lightz,2026-08-06T03:57:17Z,"rock coreano,k-pop,noise music","Republic Records - Xdinary Heroes",0.425,0.615,4,-3.483,0,0.0506,0.0445,0,0.0862,0.151,200.075,3
spotify:track:3Fse9qXqMNey4TL5mLy8IF,"KISS N TELL","KISS N TELL","aespa",2026-07-24,166000,82,false,giovani.lightz,2026-08-06T03:57:28Z,"k-pop","WM Japan",0.541,0.9,1,-3.143,1,0.0968,0.0191,0.00000406,0.0828,0.561,125.836,4
spotify:track:2IBaxu8arbOJUtv7fjhW0w,"ATTITUDE","KISS N TELL","aespa",2026-07-24,185000,61,false,giovani.lightz,2026-08-06T03:57:31Z,"k-pop","WM Japan",0.645,0.728,1,-3.184,0,0.0428,0.0274,0,0.0692,0.337,149.996,4
spotify:track:7dxA5gfmM2sPWVFI6mp8Vp,"Done with Rules","KISS N TELL","aespa",2026-07-24,136000,61,false,giovani.lightz,2026-08-06T03:57:33Z,"k-pop","WM Japan",0.686,0.835,6,-3.332,0,0.0674,0.145,0,0.158,0.762,91.978,4
spotify:track:7p0VIlsjdFvebkAubwTL23,"Because Of You","CALL BACK - The 1st Album","MINHO;NINGNING",2024-11-04,189626,47,false,giovani.lightz,2026-08-06T03:57:36Z,"k-pop,r&b chinês","SM Entertainment",0.71,0.635,11,-4.728,0,0.107,0.0905,0,0.183,0.726,149.965,4
spotify:track:70RQYCjVacuJgeYAmU2sXd,"Vitamin ME","Glow ME","fromis_9",2026-07-21,190000,70,false,giovani.lightz,2026-08-06T03:57:38Z,"k-pop,bubblegum pop","ASND ENTERTAINMENT CO., LTD",0.677,0.902,1,-3.87,1,0.0599,0.102,0,0.0543,0.832,116.993,4
spotify:track:7mlJgNMZsmbiKRE3FvnoGS,"GENE","Playlist #Your Youth","UAU",2026-07-01,213000,47,false,giovani.lightz,2026-08-06T03:57:40Z,"","LEEGEUM ent / ADA",0.776,0.859,2,-4.374,1,0.0793,0.0509,0.00000232,0.124,0.413,114.979,4
spotify:track:2B0OS6UKp2EukBySHMLZl7,"DEMIAN","[Apocalypse : From us]","Dreamcatcher",2023-05-24,179960,40,false,giovani.lightz,2026-08-06T03:57:43Z,"rock coreano,k-pop","WM Korea",0.621,0.918,6,-3.128,0,0.0656,0.00122,0,0.344,0.646,110.116,4
spotify:track:1khc5RzGuWvkHR47SfspDj,"Propose","[Apocalypse : From us]","Dreamcatcher",2023-05-24,192853,42,false,giovani.lightz,2026-08-06T03:58:38Z,"rock coreano,k-pop","WM Korea",0.536,0.853,6,-3.592,0,0.134,0.0783,0,0.144,0.35,74.924,4
spotify:track:13L0qFKXPQZKKmBuSvrSf7,"BONVOYAGE","[Apocalypse : From us]","Dreamcatcher",2023-05-24,213506,50,false,giovani.lightz,2026-08-06T03:59:02Z,"rock coreano,k-pop","WM Korea",0.479,0.858,5,-3.915,1,0.0629,0.00417,0,0.149,0.52,157.963,4
spotify:track:3PDlZulmT13m8LIrH2ui1H,"OOTD","[VillainS]","Dreamcatcher",2023-11-22,176570,45,false,giovani.lightz,2026-08-06T03:58:56Z,"rock coreano,k-pop","WM Korea",0.499,0.839,8,-4.131,1,0.086,0.00614,0,0.467,0.86,176.181,4
spotify:track:1iIkmviH7HYPmiytoLsF12,"Rising","[VillainS]","Dreamcatcher",2023-11-22,197459,41,false,giovani.lightz,2026-08-06T03:58:37Z,"rock coreano,k-pop","WM Korea",0.508,0.866,11,-3.739,0,0.0334,0.00204,0.00000198,0.141,0.46,92.03,4
spotify:track:4dNs655rYdbIDykVFjvthk,"REASON","[REASON]","Dreamcatcher",2023-01-13,197346,44,false,giovani.lightz,2026-08-06T03:58:58Z,"rock coreano,k-pop","WM Korea",0.474,0.901,9,-1.22,0,0.254,0.00513,0,0.343,0.403,176.083,4
spotify:track:4jJA9pOiYtTZvOeHVFm1v7,"VISION","[Apocalypse : Follow us]","Dreamcatcher",2022-10-11,189173,49,false,giovani.lightz,2026-08-06T03:59:14Z,"rock coreano,k-pop","WM Korea",0.584,0.859,11,-4.177,1,0.0564,0.0314,0,0.151,0.352,94.961,4
spotify:track:5c6DOQ4YU20MuiuLnjx8UQ,"MAISON","[Apocalypse : Save us]","Dreamcatcher",2022-04-12,185733,51,false,giovani.lightz,2026-08-06T03:59:32Z,"rock coreano,k-pop","WM Korea",0.686,0.955,3,-2.297,0,0.159,0.129,0,0.0782,0.496,120.007,4
spotify:track:1SDS0olV0UN5AhciOOfIpK,"Starlight","[Apocalypse : Save us]","Dreamcatcher",2022-04-12,199093,46,false,giovani.lightz,2026-08-06T03:59:00Z,"rock coreano,k-pop","WM Korea",0.548,0.898,6,-3.945,0,0.0484,0.00244,0,0.165,0.346,149.97,4
spotify:track:5QVXLxoDjdtMByNm6zP0Oa,"2 Rings","[VirtuouS]","Dreamcatcher",2024-07-10,167800,39,false,giovani.lightz,2026-08-06T03:58:28Z,"rock coreano,k-pop","WM Korea",0.609,0.713,5,-4.078,1,0.0341,0.0761,0,0.498,0.735,81.049,4
spotify:track:5F5W7RRODrX41Np6M2cK5i,"Eclipse","Eclipse","Dreamcatcher",2021-03-24,203613,40,false,giovani.lightz,2026-08-06T03:58:34Z,"rock coreano,k-pop","PONY CANYON INC.",0.591,0.962,1,-2.575,0,0.0864,0.096,0,0.12,0.706,97.493,4
spotify:track:3Sh1VywQQKN2VTNhHj8fXx,"Red Sun","1st Album [Dystopia : The Tree of Language]","Dreamcatcher",2020-02-18,185093,46,false,giovani.lightz,2026-08-06T03:58:41Z,"rock coreano,k-pop","WM Korea",0.665,0.919,0,-2.75,0,0.209,0.367,0.00000121,0.142,0.52,158.886,4
spotify:track:2mpahbePjFOTKDVuJVInmY,"Fly high","Prequel","Dreamcatcher",2017-07-27,211425,45,false,giovani.lightz,2026-08-06T03:58:53Z,"rock coreano,k-pop","WM Korea",0.538,0.912,5,-3.064,0,0.259,0.00548,0,0.314,0.432,153.984,4
spotify:track:1hOTr8qUrmBJpcJBncNGht,"JUSTICE","[VirtuouS]","Dreamcatcher",2024-07-10,179920,52,false,giovani.lightz,2026-08-06T03:59:05Z,"rock coreano,k-pop","WM Korea",0.567,0.93,1,-3.693,0,0.115,0.027,0.00000189,0.152,0.602,89.974,4
spotify:track:6U9lbMkQrqIjynjxQAYdqh,"BEcause","[Summer Holiday]","Dreamcatcher",2021-07-30,191946,53,false,giovani.lightz,2026-08-06T03:59:09Z,"rock coreano,k-pop","WM Korea",0.549,0.932,4,-2.75,0,0.0856,0.0183,0,0.344,0.45,170.008,4
spotify:track:4VhHZH0CiJbsGKAFMzZJoq,"Mayday","Nightmare·Escape the ERA","Dreamcatcher",2018-05-10,184546,39,false,giovani.lightz,2026-08-06T03:59:27Z,"rock coreano,k-pop","WM Korea",0.518,0.939,9,-3.443,0,0.363,0.0617,0,0.117,0.205,174.023,4
spotify:track:6NurNC1HJugDqSFYa0h1oe,"Full Moon","1st Album [Dystopia : The Tree of Language]","Dreamcatcher",2020-02-18,189720,43,false,giovani.lightz,2026-08-06T03:59:29Z,"rock coreano,k-pop","WM Korea",0.586,0.949,7,-2.119,1,0.13,0.18,0,0.366,0.272,95.058,4
spotify:track:3TVtHfOavXrGmgPibVqf5G,"YOU AND I","Nightmare·Escape the ERA","Dreamcatcher",2018-05-10,195015,50,false,giovani.lightz,2026-08-06T03:59:34Z,"rock coreano,k-pop","WM Korea",0.637,0.827,11,-2.669,0,0.0718,0.0794,0,0.237,0.518,96.997,4
spotify:track:4pXRbXbietkQfwqnEJyXB8,"Chase Me","Nightmare","Dreamcatcher",2017-01-13,189351,48,false,giovani.lightz,2026-08-06T03:59:36Z,"rock coreano,k-pop","WM Korea",0.572,0.975,11,-2.019,1,0.0848,0.00776,0,0.142,0.48,100.021,4
spotify:track:1k68vKHNQXU5CHqcM7Yp7N,"HAPPY","Fourever","DAY6",2024-03-18,189934,61,false,giovani.lightz,2026-08-06T03:59:24Z,"rock coreano,k-pop","Republic Records - DAY6",0.535,0.963,9,-3.363,1,0.0798,0.000873,0,0.137,0.614,80.002,4
spotify:track:3xHIyErJUeuy0MpjUKRuPw,"Something","Girl's Day Love Second Album","Girl's Day",2015-07-07,200705,63,false,giovani.lightz,2026-08-06T03:59:26Z,"k-pop","GU Music",0.813,0.683,6,-3.813,0,0.0285,0.179,0,0.0748,0.668,107.95,4
spotify:track:1wE6dqzjRFAxAV0rCnEpa5,"Gimme Dat Love","We made","i-dle",2026-07-06,146880,70,false,giovani.lightz,2026-08-06T03:59:38Z,"k-pop","BMG Rights Management (US) LLC",0.855,0.679,1,-3.212,1,0.0914,0.169,0.00000155,0.12,0.422,111.998,4
spotify:track:5ThXW5oGbAfQU2QTPicMd9,"Walk","WALK - The 6th Album","NCT 127",2024-07-14,191826,57,false,giovani.lightz,2026-08-06T03:59:40Z,"k-pop,noise music","SM Entertainment",0.725,0.846,4,-4.383,0,0.258,0.021,0,0.0554,0.884,97.948,4
spotify:track:6MO2Ei2j4Vk0FJMund5IXs,"iNSTEAD!","LIVE and FALL","Xdinary Heroes;Yoon Do Hyun",2024-10-14,177254,50,false,giovani.lightz,2026-08-06T03:59:42Z,"rock coreano,k-pop,noise music,k-ballad","Republic Records - Xdinary Heroes",0.499,0.944,2,-2.689,1,0.0586,0.00148,0,0.0156,0.39,158.119,4
spotify:track:3Vy08lBtlx6aCe4SVqAtSk,"Helium Balloon","DEAD AND","Xdinary Heroes",2026-04-17,188653,58,false,giovani.lightz,2026-08-06T03:59:44Z,"rock coreano,k-pop,noise music","Republic Records - Xdinary Heroes",0.249,0.758,10,-5.706,1,0.0554,0.00439,0,0.227,0.183,88.557,4
spotify:track:7IYH1Nx2ZKxQVFRVPR5N0x,"No Cool Kids Zone","DEAD AND","Xdinary Heroes",2026-04-17,181480,50,false,giovani.lightz,2026-08-06T03:59:46Z,"rock coreano,k-pop,noise music","Republic Records - Xdinary Heroes",0.606,0.786,9,-3.909,0,0.0493,0.000284,0.00000265,0.399,0.556,120.141,4
spotify:track:2by5OYZn4RRUm50IdRTUNV,"Hurt So Good","DEAD AND","Xdinary Heroes",2026-04-17,201080,52,false,giovani.lightz,2026-08-06T03:59:48Z,"rock coreano,k-pop,noise music","Republic Records - Xdinary Heroes",0.33,0.828,9,-4.459,0,0.054,0.0000858,0,0.0902,0.262,89.726,4
spotify:track:2FV96G6CB99eNvNAUPnPxz,"Rise High Rise","DEAD AND","Xdinary Heroes",2026-04-17,172746,53,false,giovani.lightz,2026-08-06T03:59:50Z,"rock coreano,k-pop,noise music","Republic Records - Xdinary Heroes",0.442,0.928,7,-3.723,1,0.131,0.00421,0,0.328,0.551,173.86,4
spotify:track:42ZTKPCyhN4nHxK35ulIkw,"KTM","DEAD AND","Xdinary Heroes",2026-04-17,177613,54,false,giovani.lightz,2026-08-06T03:59:52Z,"rock coreano,k-pop,noise music","Republic Records - Xdinary Heroes",0.508,0.947,1,-4.57,0,0.0601,0.0169,0,0.114,0.735,92.039,4
spotify:track:1atHIsDojE0xhqMuXAhN2A,"X room","DEAD AND","Xdinary Heroes",2026-04-17,215200,56,false,giovani.lightz,2026-08-06T03:59:54Z,"rock coreano,k-pop,noise music","Republic Records - Xdinary Heroes",0.459,0.755,7,-4.931,0,0.0369,0.0549,0,0.137,0.168,94.843,4
spotify:track:5dgGwJw8srZWvYF7SVHuYW,"Odd Eye","[Dystopia : Road to Utopia]","Dreamcatcher",2021-01-26,184413,47,false,giovani.lightz,2026-08-06T04:00:07Z,"rock coreano,k-pop","WM Korea",0.534,0.933,6,-1.826,0,0.11,0.049,0,0.195,0.528,160.061,4
spotify:track:1sEM7Ls5SjKjgrNqWS5uYi,"Morning","We made","i-dle",2026-07-06,155764,58,false,giovani.lightz,2026-08-06T04:00:09Z,"k-pop","BMG Rights Management (US) LLC",0.864,0.691,5,-5.177,0,0.0603,0.168,0,0.0622,0.86,107.993,4
spotify:track:1FZq5YrtspPEgwlqZ33xgA,"Love Is Pain","We made","i-dle",2026-07-06,157283,55,false,giovani.lightz,2026-08-06T04:00:12Z,"k-pop","BMG Rights Management (US) LLC",0.417,0.66,3,-5.571,1,0.0385,0.241,0,0.033,0.216,169.813,3
spotify:track:3kd5OrG96OHAuqthIH1zI4,"R.I.P.","SET THE TEMPO","izna",2026-06-08,153668,59,false,giovani.lightz,2026-08-06T04:00:14Z,"k-pop","izna",0.732,0.746,10,-4.765,0,0.0343,0.000263,0.0000175,0.0506,0.592,149.93,4
spotify:track:1MLIAjpqILKHv31eiKp497,"INFINITY","SET THE TEMPO","izna",2026-06-08,186877,54,false,giovani.lightz,2026-08-06T04:00:16Z,"k-pop","izna",0.735,0.661,4,-6.153,1,0.048,0.0465,0.000156,0.115,0.291,115.021,4
spotify:track:4u3O0EnA9OoFPS9NV9KzJd,"LEAN ON ME","SET THE TEMPO","izna",2026-06-08,171192,54,false,giovani.lightz,2026-08-06T04:00:17Z,"k-pop","izna",0.717,0.675,9,-4.722,1,0.0396,0.0318,0.00000101,0.062,0.327,126.969,4
spotify:track:736Uc3YhB59aWMRekCT1ju,"ROCK, PAPER, SCISSORS","SET THE TEMPO","izna",2026-06-08,140408,54,false,giovani.lightz,2026-08-06T04:00:20Z,"k-pop","izna",0.765,0.72,2,-6.276,1,0.0484,0.00152,0.0035,0.144,0.522,128.001,4
spotify:track:5SQvNdCt8nwz9VOhfpCt9a,"Supercrush","Not Just Pretty","izna",2025-09-30,174312,53,false,giovani.lightz,2026-08-06T04:00:22Z,"k-pop","Genie Music Corporation, Stone Music Entertainment",0.715,0.771,10,-3.944,0,0.0492,0.108,0.0000404,0.109,0.811,117.994,4
spotify:track:1cpiT81rcWtbgtkTeq2RW0,"In the Rain","Not Just Pretty","izna",2025-09-30,168817,49,false,giovani.lightz,2026-08-06T04:00:24Z,"k-pop","Genie Music Corporation, Stone Music Entertainment",0.704,0.814,0,-3.519,0,0.0289,0.0048,0.0000117,0.106,0.671,108.983,4
spotify:track:5BwRbtpmxHTiCSrSnW0xpF,"Calling Me Back","Like A Flower - The 1st Mini Album","IRENE",2024-11-26,179360,43,false,giovani.lightz,2026-08-06T04:00:26Z,"k-pop","SM Entertainment",0.661,0.749,0,-6.641,1,0.0499,0.0868,0,0.124,0.356,114.915,4
spotify:track:3VCr8uyi9cB3GWruh4CDuc,"Strawberry Silhouette","Like A Flower - The 1st Mini Album","IRENE",2024-11-26,176800,45,false,giovani.lightz,2026-08-06T04:00:28Z,"k-pop","SM Entertainment",0.779,0.735,9,-5.52,1,0.0484,0.0189,0.0000567,0.0655,0.369,105.95,4
spotify:track:3loTXGyiVFwxpA40vL8KCj,"REBOUND","2nd Mini Album 'Algorithm's Blossom'","QWER",2024-09-23,212920,46,false,giovani.lightz,2026-08-06T04:00:30Z,"rock coreano,k-pop","TAMAGO PRODUCTION",0.56,0.945,7,-1.782,1,0.0528,0.221,0,0.314,0.681,90.028,4
spotify:track:0eFMbKCRw8KByXyWBw8WO7,"Still With You","Still With You","Jung Kook",2020-06-05,239905,82,false,giovani.lightz,2026-08-06T04:00:32Z,"k-pop","BIGHIT MUSIC",0.529,0.469,1,-6.967,0,0.0358,0.0899,0.0000153,0.831,0.344,87.864,4
spotify:track:5t8TV1U5vmKL5UIQo5pNtN,"Little Things","Troubleshooting","Xdinary Heroes",2024-04-30,212774,52,false,giovani.lightz,2026-08-06T04:00:34Z,"rock coreano,k-pop,noise music","Republic Records - Xdinary Heroes",0.626,0.948,5,-2.721,1,0.0568,0.00126,0.000348,0.26,0.357,90.04,4
spotify:track:6jviSPMVY63dqi4evuGXbe,"STARSTRUCK","Imperfect-I'mperfect","FIFTY FIFTY",2026-06-01,177587,41,false,giovani.lightz,2026-09-13T03:08:51Z,"k-pop","ATTRAKT",0.749,0.735,6,-4.549,1,0.0692,0.0566,0,0.0366,0.875,147.954,4
spotify:track:68TWWOecaIglvAtHOOFMwn,"Like a Bubble","Imperfect-I'mperfect","FIFTY FIFTY",2026-06-01,188845,57,false,giovani.lightz,2026-09-13T03:08:53Z,"k-pop","ATTRAKT",0.517,0.801,1,-2.805,0,0.308,0.366,0,0.418,0.597,185.826,4
spotify:track:2rRZNaiSxWAWF7yyCiHFg3,"Took It Too Far","Imperfect-I'mperfect","FIFTY FIFTY",2026-06-01,197826,44,false,giovani.lightz,2026-09-13T03:09:10Z,"k-pop","ATTRAKT",0.837,0.727,9,-5.298,1,0.0442,0.159,0.00000991,0.0966,0.785,119.997,4
spotify:track:0ZgXKfYKAmnSaTfPINuRpi,"PERFECT","Imperfect-I'mperfect","FIFTY FIFTY",2026-06-01,177890,44,false,giovani.lightz,2026-09-13T03:09:12Z,"k-pop","ATTRAKT",0.594,0.668,2,-4.189,1,0.0296,0.521,0,0.227,0.334,110.051,4
spotify:track:7AsDyKh73X1dITS9WQ8ZBw,"Carry On","Imperfect-I'mperfect","FIFTY FIFTY",2026-06-01,174764,47,false,giovani.lightz,2026-09-13T03:09:14Z,"k-pop","ATTRAKT",0.668,0.561,8,-5.188,1,0.0317,0.143,0,0.0928,0.153,106.025,4
spotify:track:06ZgGUzxTQ27mkYKvXcoZU,"Make it hot","Make it hot - The 2nd Mini Album","MINHO",2026-09-07,157000,59,false,giovani.lightz,2026-09-13T03:09:17Z,"k-pop","SM Entertainment",0.677,0.758,0,-5.816,1,0.038,0.000285,0.0000127,0.126,0.33,106.955,4
spotify:track:0dHip3iHBvbkj0OUQQVvzj,"Liquid","Make it hot - The 2nd Mini Album","MINHO;BELLE",2026-09-07,187000,51,false,giovani.lightz,2026-09-13T03:09:36Z,"k-pop","SM Entertainment",0.666,0.603,5,-5.657,0,0.0612,0.0445,0.0000161,0.352,0.677,120.015,4
spotify:track:7lmIf4RzLHySVZx9w4zeYF,"Love Me Now","Make it hot - The 2nd Mini Album","MINHO",2026-09-07,197000,48,false,giovani.lightz,2026-09-13T03:09:42Z,"k-pop","SM Entertainment",0.662,0.876,5,-5.209,1,0.0495,0.00655,0.0148,0.156,0.34,121.992,4
spotify:track:1dWJFz4HttL4Ux7tM8HKqa,"Time 1.1","Make it hot - The 2nd Mini Album","MINHO",2026-09-07,162000,48,false,giovani.lightz,2026-09-13T03:09:44Z,"k-pop","SM Entertainment",0.653,0.821,1,-4.891,1,0.071,0.0271,0.00000661,0.558,0.539,124.005,4
spotify:track:68mDzoxo5jznBBrfXoC2E0,"Out Of My Hands","Make it hot - The 2nd Mini Album","MINHO",2026-09-07,185000,49,false,giovani.lightz,2026-09-13T03:09:46Z,"k-pop","SM Entertainment",0.673,0.793,2,-4.983,1,0.04,0.00406,0.0000015,0.0382,0.563,96.99,4
spotify:track:7sDh5pTwnyfDzvGmmiqBfN,"Ending Scene","Make it hot - The 2nd Mini Album","MINHO",2026-09-07,168000,48,false,giovani.lightz,2026-09-13T03:09:48Z,"k-pop","SM Entertainment",0.775,0.59,6,-4.697,0,0.0342,0.12,0,0.176,0.35,100.012,4
spotify:track:7AN7dJCtHqbL7f76QGyraa,"This & That","THIS & THAT","Stray Kids",2026-08-07,185000,87,false,giovani.lightz,2026-09-13T03:09:50Z,"k-pop,noise music","Republic Records - Stray Kids",0.736,0.914,1,-2.622,1,0.0837,0.225,0,0.0675,0.589,87.547,4
spotify:track:1LE3uF79DdTLiHlE8LWzDs,"H.O.W's Delight","H.O.W's Delight","HEART OF WOMAN",2026-09-04,201521,44,false,giovani.lightz,2026-09-13T03:10:05Z,"","BLUEBROWN RECORDS",0.728,0.749,5,-4.366,0,0.088,0.21,0,0.288,0.802,92.058,4
spotify:track:2eDh95Z5JVkoTl3rAvf0zX,"DUMB HOT!","HANDLE WITH CARE","izna",2026-09-02,141032,52,false,giovani.lightz,2026-09-13T03:10:07Z,"k-pop","Sony Music Labels Inc.",0.843,0.662,8,-5.3,0,0.0399,0.00593,0,0.204,0.629,127.974,4
spotify:track:1fcWKiyX1PaAUTOhySFzr4,"FIGHT ME","Beautiful Mind","Xdinary Heroes",2025-03-24,173000,48,false,giovani.lightz,2026-09-13T03:10:09Z,"rock coreano,k-pop,noise music","Republic Records - Xdinary Heroes",0.531,0.728,2,-11.726,1,0.0397,0.000698,0,0.255,0.338,90.994,4
spotify:track:0XGVdJJXVS5P2wCx5gSUvM,"more than i like","Beautiful Mind","Xdinary Heroes",2025-03-24,183400,51,false,giovani.lightz,2026-09-13T03:10:12Z,"rock coreano,k-pop,noise music","Republic Records - Xdinary Heroes",0.483,0.776,8,-11.1,1,0.0619,0.000403,0.00000537,0.0962,0.693,180.073,4
spotify:track:4k4kDXXanAs1I4GgWGjCP7,"Supernatural","Beautiful Mind","Xdinary Heroes",2025-03-24,201626,48,false,giovani.lightz,2026-09-13T03:10:14Z,"rock coreano,k-pop,noise music","Republic Records - Xdinary Heroes",0.592,0.264,5,-13.516,1,0.034,0.00318,0,0.133,0.162,120.021,4
spotify:track:6GYaDfeM4cu2Pc1EJjoUDy,"George the Lobster","Beautiful Mind","Xdinary Heroes",2025-03-24,210413,49,false,giovani.lightz,2026-09-13T03:10:15Z,"rock coreano,k-pop,noise music","Republic Records - Xdinary Heroes",0.619,0.706,11,-10.875,0,0.0578,0.00346,0.000018,0.462,0.681,132.008,4
spotify:track:35CKt8vJqX7hFRsKRiVzLV,"BBB (Bitter But Better)","Beautiful Mind","Xdinary Heroes",2025-03-24,192786,45,false,giovani.lightz,2026-09-13T03:10:19Z,"rock coreano,k-pop,noise music","Republic Records - Xdinary Heroes",0.597,0.699,7,-11.849,1,0.0441,0.00538,0,0.305,0.76,106.066,4
spotify:track:3hmzEKrZWbSlapynbJB93B,"ALIVE","Heart Byte : LEGACY","HEART OF WOMAN",2026-05-28,148000,37,false,giovani.lightz,2026-09-13T03:10:38Z,"","BLUEBROWN RECORDS",0.65,0.784,2,-4.358,1,0.041,0.0465,0.0000559,0.101,0.252,147.946,4
spotify:track:1xjg5MDASNKOmyorKJz4E0,"SHOW H.O.W","Heart Byte : LEGACY","HEART OF WOMAN",2026-05-28,177000,37,false,giovani.lightz,2026-09-13T03:10:40Z,"","BLUEBROWN RECORDS",0.695,0.806,0,-3.709,1,0.0895,0.307,0,0.0804,0.532,79.976,4
spotify:track:1sNfhQNOWpgiXIgy8MS6zZ,"Told U So","Heart Byte : LEGACY","HEART OF WOMAN",2026-05-28,188000,41,false,giovani.lightz,2026-09-13T03:10:42Z,"","BLUEBROWN RECORDS",0.691,0.8,1,-4.804,1,0.0412,0.0285,0.00000211,0.121,0.274,131.076,4
spotify:track:7AiZ6Wh5fXSfG63748C0Pg,"TEA","Heart Byte : LEGACY","HEART OF WOMAN",2026-05-28,159000,40,false,giovani.lightz,2026-09-13T03:10:43Z,"","BLUEBROWN RECORDS",0.795,0.761,3,-4.006,0,0.0399,0.162,0,0.101,0.613,105.025,4
spotify:track:0hrn68wt1yI3hFC6AuawXr,"Skit.exe","Heart Byte : LEGACY","HEART OF WOMAN",2026-05-28,84000,38,false,giovani.lightz,2026-09-13T03:10:45Z,"","BLUEBROWN RECORDS",0.594,0.509,7,-4.891,1,0.0338,0.169,0,0.281,0.396,119.867,4
spotify:track:7FJAvpDIe6TYkZpUELlQqR,"Close To Me","Heart Byte : LEGACY","HEART OF WOMAN",2026-05-28,160000,40,false,giovani.lightz,2026-09-13T03:11:48Z,"","BLUEBROWN RECORDS",0.71,0.791,7,-5.154,0,0.145,0.382,0,0.13,0.735,148.1,4
spotify:track:3wR2tXGYerzqlQeB5lt20R,"One Beat","Heart Byte : LEGACY","HEART OF WOMAN",2026-05-28,130000,37,false,giovani.lightz,2026-09-13T03:11:49Z,"","BLUEBROWN RECORDS",0.846,0.838,2,-5.472,1,0.0415,0.0189,0.00000304,0.0947,0.891,100.01,4
spotify:track:2tQXUEhP7pgsTOJmzYWq6S,"Dive With Me","Heart Byte : LEGACY","HEART OF WOMAN",2026-05-28,175000,38,false,giovani.lightz,2026-09-13T03:11:51Z,"","BLUEBROWN RECORDS",0.627,0.884,8,-3.082,0,0.296,0.04,0,0.0539,0.791,92.991,4
spotify:track:4SMLPZtWvAvNjE3AHOJp91,"Daydreaming","Heart Byte : LEGACY","HEART OF WOMAN",2026-05-28,204000,32,false,giovani.lightz,2026-09-13T03:11:54Z,"","BLUEBROWN RECORDS",0.644,0.513,8,-7.065,1,0.045,0.12,0.000325,0.197,0.445,75.998,3
spotify:track:3LwNrriTJJJ4q4BIxm6jNd,"Life is a game","Heart Byte : LEGACY","HEART OF WOMAN",2026-05-28,173000,30,false,giovani.lightz,2026-09-13T03:11:55Z,"","BLUEBROWN RECORDS",0.636,0.656,0,-2.855,0,0.0477,0.255,0,0.0688,0.635,150.055,4
spotify:track:3klmHDE1vmBq6FYyPz0QE0,"Full Moon","Full Moon","SUNMI;Lena",2014-02-17,202179,55,false,giovani.lightz,2026-09-13T03:11:57Z,"k-pop","Republic Records - JYP Entertainment",0.506,0.958,8,-3.202,0,0.336,0.267,0,0.144,0.745,176.015,4
spotify:track:6uhCnqc4Tncn1vqkuGubPO,"HEAVEN","Fallen Angel","JENNIE",2026-08-28,186720,84,true,giovani.lightz,2026-09-13T03:11:59Z,"k-pop","OA Entertainment/Columbia",0.428,0.638,10,-4.561,0,0.0327,0.00564,0.000107,0.127,0.496,128.909,4
spotify:track:75QkBCdRc5DGgcyPiVSg4b,"FALLEN ANGEL","Fallen Angel","JENNIE",2026-08-28,199166,86,false,giovani.lightz,2026-09-13T03:12:01Z,"k-pop","OA Entertainment/Columbia",0.681,0.544,7,-5.716,0,0.0289,0.623,0.000907,0.13,0.64,137.846,4
spotify:track:7LHxuqALcx0sECRAeI5Uaw,"Genie Magic","Imperfect-I'mperfect","FIFTY FIFTY",2026-06-01,186362,56,false,giovani.lightz,2026-09-13T03:12:05Z,"k-pop","ATTRAKT",0.746,0.876,11,-3.001,1,0.0967,0.18,0,0.288,0.625,127.999,4
spotify:track:5FibDLdflTAQgiOqNfsziY,"No Pressure","No Pressure","D.N.A;TEN",2026-08-19,209145,52,false,giovani.lightz,2026-09-13T03:12:31Z,"hip hop chinês,c-pop,r&b chinês,mandopop,pop malaio,k-pop","D.N.A",0.722,0.683,2,-6.299,1,0.071,0.306,0,0.117,0.675,78.991,4
spotify:track:1UmAtawRDcgQCOPGJP8gm8,"World Wild Women","<World Wild Women>","tripleS",2026-08-17,163000,56,false,giovani.lightz,2026-09-13T03:12:33Z,"k-pop","MODHAUS",0.408,0.901,9,-3.033,0,0.0927,0.0369,0.000558,0.305,0.664,201.91,4
spotify:track:4RmEqYXrb89Mlwzm2p6Wyd,"WILDSIDE","Bloom","Red Velvet",2022-04-06,229520,49,false,giovani.lightz,2026-09-13T03:12:36Z,"k-pop","avex trax",0.559,0.854,1,-2.907,1,0.0879,0.0403,0,0.0836,0.591,144.997,4
spotify:track:1gZxcX80pR6xThd2waYjuq,"Freakin' Bad","Deadlock","Xdinary Heroes",2023-04-26,183670,54,false,giovani.lightz,2026-09-13T03:13:19Z,"rock coreano,k-pop,noise music","Republic Records - Xdinary Heroes",0.645,0.91,9,-2.298,1,0.176,0.0119,0,0.0589,0.637,101.788,4
spotify:track:1abEhzM7SMGvrBKF8n0wlq,"Bicycle","Deadlock","Xdinary Heroes",2023-04-26,190880,44,false,giovani.lightz,2026-09-13T03:12:39Z,"rock coreano,k-pop,noise music","Republic Records - Xdinary Heroes",0.387,0.884,0,-1.8,1,0.0897,0.0364,0,0.146,0.414,178.152,4
spotify:track:5lf1b9tl8AFlZudBAkppBZ,"checkmate","Deadlock","Xdinary Heroes",2023-04-26,207480,46,false,giovani.lightz,2026-09-13T03:12:41Z,"rock coreano,k-pop,noise music","Republic Records - Xdinary Heroes",0.591,0.853,6,-2.227,0,0.0501,0.0238,0,0.136,0.803,153.03,4
spotify:track:3MQsY7Kjs0jw25AvqatkQU,"Man in the Box","Deadlock","Xdinary Heroes",2023-04-26,189186,50,false,giovani.lightz,2026-09-13T03:12:43Z,"rock coreano,k-pop,noise music","Republic Records - Xdinary Heroes",0.716,0.868,3,-1.894,0,0.0549,0.138,0,0.284,0.799,90.013,4
spotify:track:6yzHKyNLHZQDZzTuQrRF0G,"Dear H.","Deadlock","Xdinary Heroes",2023-04-26,177413,50,false,giovani.lightz,2026-09-13T03:12:45Z,"rock coreano,k-pop,noise music","Republic Records - Xdinary Heroes",0.413,0.304,5,-5.335,1,0.037,0.428,0,0.128,0.288,155.694,3
spotify:track:4dOI72pxbQasCkplV5nu15,"Save me","LIVE and FALL","Xdinary Heroes",2024-10-14,220094,59,false,giovani.lightz,2026-09-13T03:12:47Z,"rock coreano,k-pop,noise music","Republic Records - Xdinary Heroes",0.504,0.934,4,-3.457,1,0.053,0.0075,0,0.136,0.481,96.007,4
spotify:track:2AgQeynBApEbEfsSClTMEG,"Boy Comics","LIVE and FALL","Xdinary Heroes",2024-10-14,194787,46,false,giovani.lightz,2026-09-13T03:12:50Z,"rock coreano,k-pop,noise music","Republic Records - Xdinary Heroes",0.428,0.977,7,-3.024,1,0.0667,0.0000502,0,0.328,0.581,186.915,4
spotify:track:3XGQt8sjuHBUlgL5wWLpwO,"FEELING NICE","LIVE and FALL","Xdinary Heroes",2024-10-14,170200,48,false,giovani.lightz,2026-09-13T03:12:52Z,"rock coreano,k-pop,noise music","Republic Records - Xdinary Heroes",0.54,0.975,1,-3.446,0,0.0609,0.0000553,0.00562,0.37,0.501,109.999,4
spotify:track:2avYPGJbNsRnx6L0jHOe1g,"LOVE and FEAR","LIVE and FALL","Xdinary Heroes",2024-10-14,187387,51,false,giovani.lightz,2026-09-13T03:12:54Z,"rock coreano,k-pop,noise music","Republic Records - Xdinary Heroes",0.487,0.975,8,-3.011,1,0.0648,0.00115,0,0.335,0.555,95.07,4
spotify:track:4MJ7Oao7yDlUgoOR2kCg95,"IN THE RAIN","AWE","XG",2024-11-08,188200,64,false,giovani.lightz,2026-09-13T03:12:56Z,"k-pop","XGALX",0.643,0.555,9,-7.215,0,0.102,0.451,0,0.133,0.358,137.117,4
spotify:track:2h81piRbzIJmjpxR4qnM2o,"Serenade (KARINA & WINTER)","SYNK : aeXIS LINE - 2026 Special Digital Single","aespa",2026-08-09,185000,76,false,giovani.lightz,2026-09-13T03:13:12Z,"k-pop","SM Entertainment",0.737,0.84,0,-4.757,0,0.0978,0.0245,0,0.43,0.56,118.978,4
spotify:track:0zuOKdFHYFIOTyJi0aOIuo,"Can We Talk Again","Can We Talk Again","PURPLE KISS",2021-02-03,184386,36,false,giovani.lightz,2026-09-13T03:13:15Z,"k-pop","RBW Inc.",0.531,0.871,5,-2.08,0,0.196,0.126,0,0.166,0.628,79.928,4
spotify:track:503e19tHN0QmaraGxAQzt7,"SWEAT","SWEAT","KISS OF LIFE",2026-08-04,173000,72,false,giovani.lightz,2026-09-13T03:13:17Z,"k-pop","S2 ENTERTAINMENT INC.",0.839,0.838,7,-4.136,1,0.0954,0.107,0.00000275,0.277,0.863,111.907,4
spotify:track:2BWqnsiMhGNpNa9NGLv9VC,"Deep Dive","Deep Dive","Alice Syndrome",2026-07-25,141000,57,false,giovani.lightz,2026-09-13T03:13:22Z,"rock coreano","DNation Entertainment",0.624,0.934,2,-1.499,0,0.115,0.463,0.0000705,0.0907,0.555,159.866,4
spotify:track:4s5QYMH0h3kmoHMpzlPCuW,"Tell Me","224","KISS OF LIFE",2025-06-09,179040,50,false,giovani.lightz,2026-09-13T03:13:24Z,"k-pop","S2 ENTERTAINMENT INC.",0.666,0.896,5,-3.479,0,0.167,0.09,0,0.198,0.799,119.973,4
spotify:track:6IIEwumFCSlVrna5cHW7Ac,"WORK","the collective soul and unconscious: chapter two","Billlie",2026-05-06,176848,61,false,giovani.lightz,2026-09-13T03:13:26Z,"k-pop","MYSTIC STORY",0.801,0.897,2,-5.734,1,0.118,0.0499,0,0.0739,0.729,120.051,4
spotify:track:3bqfa1t1gAxn0zVpruK7B2,"In Halo","KISS N TELL","aespa",2026-07-24,204000,61,false,giovani.lightz,2026-09-13T03:13:30Z,"k-pop","WM Japan",0.686,0.562,9,-4.352,1,0.0269,0.39,0,0.133,0.372,96.02,4
spotify:track:4WOBcLq8VFP4xWLyNMAotu,"妳在哪裡 (WYA)","妳在哪裡 (WYA)","Jay Park;NINGNING",2023-07-30,223728,57,false,giovani.lightz,2026-09-13T03:13:33Z,"k-rap,k-pop,r&b chinês","MORE VISION",0.746,0.62,1,-7.947,1,0.0654,0.0312,0,0.26,0.384,105.004,4
spotify:track:61mXYDjDXBmTJ4oRyw2V2G,"To. You","[Apocalypse : From us]","Dreamcatcher",2023-05-24,205253,34,false,giovani.lightz,2026-09-13T03:13:47Z,"rock coreano,k-pop","WM Korea",0.482,0.469,7,-7.192,1,0.0286,0.435,0,0.493,0.242,82.215,4
spotify:track:2FThLPQ3ypoXMBx0jZbnZ5,"A Gap in Time (New Days)","[Dystopia : Road to Utopia]","Dreamcatcher",2021-01-26,211826,38,false,giovani.lightz,2026-09-13T03:13:49Z,"rock coreano,k-pop","WM Korea",0.416,0.971,8,-2.759,0,0.499,0.0243,0,0.318,0.504,174.954,4
spotify:track:1dfsPqH09vnzUWEOsN98Ex,"28 Reasons","28 Reasons - The 1st Mini Album","SEULGI",2022-10-04,189413,61,false,giovani.lightz,2026-09-13T03:13:51Z,"k-pop","SM Entertainment",0.766,0.651,5,-3.546,0,0.0952,0.211,0.00000251,0.144,0.488,121.995,4
spotify:track:26GehcyfHwgzfS0ok9yDYk,"Pretty Girl","Pretty Girl - Special Single","RESCENE",2026-07-08,210000,76,false,giovani.lightz,2026-09-13T03:13:53Z,"k-pop","Genie Music Corporation, Stone Music Entertainment",0.671,0.959,9,-2.247,0,0.0949,0.0226,0,0.142,0.699,134.004,4
spotify:track:0PYJrdwnsSDtk3G76yV1dj,"STRESS","Alivio","CHUNG HA",2025-02-12,204400,51,false,giovani.lightz,2026-09-13T03:13:55Z,"k-pop","MORE VISION",0.7,0.844,8,-3.12,1,0.0432,0.16,0,0.187,0.681,119.953,4
spotify:track:14tNUeer5gUbUYvhYYTclS,"REVEAL","THE BOYZ 1ST ALBUM [REVEAL]","THE BOYZ",2020-02-10,202453,53,false,giovani.lightz,2026-09-13T03:13:57Z,"k-pop,noise music","Above Music",0.624,0.952,9,-1.38,0,0.108,0.0822,0,0.132,0.569,95.043,4
spotify:track:6h2rdCqiqXWHxrr41DjxpG,"Blur","Letter To Myself - The 6th Mini Album","TAEYEON",2024-11-18,195213,50,false,giovani.lightz,2026-09-13T03:13:58Z,"k-pop,k-ballad","SM Entertainment",0.775,0.667,6,-4.503,0,0.0346,0.0841,0,0.15,0.678,125.036,4
spotify:track:1XxFQxfrLSdcXfPnSULjZ2,"What's Your Problem?","TILT - The 2nd Mini Album","Red Velvet - IRENE & SEULGI;JULIE",2025-05-26,175026,44,false,giovani.lightz,2026-09-13T03:14:02Z,"k-pop","SM Entertainment",0.628,0.857,6,-3.698,0,0.0957,0.184,0,0.0843,0.829,204.162,4
spotify:track:1tIAnSnnD3gpQ3fTu1cX70,"Trampoline","TILT - The 2nd Mini Album","Red Velvet - IRENE & SEULGI",2025-05-26,156013,46,false,giovani.lightz,2026-09-13T03:14:05Z,"k-pop","SM Entertainment",0.672,0.715,11,-4.195,0,0.0705,0.388,0,0.0679,0.452,152.058,4
spotify:track:5NQpRUfFQh3jB0guBAkYWu,"Heaven","TILT - The 2nd Mini Album","Red Velvet - IRENE & SEULGI",2025-05-26,180013,50,false,giovani.lightz,2026-09-13T03:14:07Z,"k-pop","SM Entertainment",0.603,0.811,8,-3.361,1,0.0815,0.13,0.000809,0.13,0.705,174.099,4
spotify:track:15ow3tos0ln2AuaIKi1Py1,"Winter Wish","Like A Flower - The 1st Mini Album","IRENE",2024-11-26,175786,41,false,giovani.lightz,2026-09-13T03:14:09Z,"k-pop","SM Entertainment",0.592,0.819,7,-4.867,1,0.0486,0.0649,0,0.0902,0.867,169.975,4
spotify:track:1DAG3QIXTHl4UQZmYqlJAI,"Start Line","Like A Flower - The 1st Mini Album","IRENE",2024-11-26,178253,41,false,giovani.lightz,2026-09-13T03:14:11Z,"k-pop","SM Entertainment",0.644,0.718,8,-4.118,1,0.0395,0.169,0,0.049,0.644,93.006,4
spotify:track:5TCoMwP1pPB9BSRIw86IvX,"Lost and Found","LXVE to DEATH","Xdinary Heroes",2025-10-24,221173,59,false,giovani.lightz,2026-09-13T03:14:14Z,"rock coreano,k-pop,noise music","Republic Records - Xdinary Heroes",0.588,0.751,7,-7.251,1,0.0308,0.00725,0,0.297,0.698,130.057,4
spotify:track:62PSBExsOYElVd7LLRbAyS,"ICU","LXVE to DEATH","Xdinary Heroes",2025-10-24,241560,54,false,giovani.lightz,2026-09-13T03:14:16Z,"rock coreano,k-pop,noise music","Republic Records - Xdinary Heroes",0.503,0.93,7,-6.353,1,0.0985,0.000125,0.00012,0.0147,0.485,155.034,4
spotify:track:4Qks3qP4WJr861vmEio8A1,"Ashes to Ashes","LXVE to DEATH","Xdinary Heroes",2025-10-24,160160,52,false,giovani.lightz,2026-09-13T03:14:18Z,"rock coreano,k-pop,noise music","Republic Records - Xdinary Heroes",0.548,0.821,2,-6.362,1,0.0327,0.000972,0,0.0849,0.654,96.441,4
spotify:track:2FqAG1Sbq23cYcQhlnSamv,"Spoiler!!!","LXVE to DEATH","Xdinary Heroes",2025-10-24,189560,49,false,giovani.lightz,2026-09-13T03:14:20Z,"rock coreano,k-pop,noise music","Republic Records - Xdinary Heroes",0.547,0.934,11,-6.743,0,0.0621,0.0114,0,0.431,0.669,140.028,4
spotify:track:6oR60ZStvF3qAiZJhEdlEj,"Love Tug of War","LXVE to DEATH","Xdinary Heroes",2025-10-24,171120,52,false,giovani.lightz,2026-09-13T03:14:22Z,"rock coreano,k-pop,noise music","Republic Records - Xdinary Heroes",0.475,0.952,1,-7.172,0,0.0578,0.00589,0,0.309,0.713,173.992,4
spotify:track:4F4LlpNNW3On8zkyHwAL2D,"LOVE ME 2 DEATH","LXVE to DEATH","Xdinary Heroes",2025-10-24,188413,51,false,giovani.lightz,2026-09-13T03:14:28Z,"rock coreano,k-pop,noise music","Republic Records - Xdinary Heroes",0.471,0.895,0,-6.377,1,0.0567,0.000677,0,0.49,0.557,95,4
spotify:track:782QoB4jJ7hEVJmkYzVrRE,"Sunny Side Up!","‘The ReVe Festival’ Finale","Red Velvet",2019-12-23,203817,47,false,giovani.lightz,2026-09-13T03:14:31Z,"k-pop","SM Entertainment",0.706,0.694,11,-5.555,0,0.0722,0.149,0,0.11,0.586,134.96,4
spotify:track:0n98FauNXOLniPGqHV8pA4,"Diamond","Beautiful Mind","Xdinary Heroes",2025-03-24,158653,51,false,giovani.lightz,2026-09-13T03:14:34Z,"rock coreano,k-pop,noise music","Republic Records - Xdinary Heroes",0.554,0.914,1,-11.55,0,0.053,0.0000219,0.00000701,0.343,0.506,105.004,4
